Code,Number of H-Donors,Number of H-Acceptors,Number of Rotatable bonds,CLogP,Number of Rings,PSA,ID,ROMol,Saltdata,SMILES
P9959766,1,5,5,1.100000000000000e+000,2,1.158000000000000e+002,,<rdkit.Chem.rdchem.Mol object at 0x000001B74D05BED0>,,Cc1ccc(-c2nc(C#N)c(S(=O)(=O)N(C)CCO)o2)cc1
P9958109,0,3,3,1.100000000000000e+000,2,4.410000000000000e+001,,<rdkit.Chem.rdchem.Mol object at 0x000001B74D05BF30>,,CCOC(=O)c1cn2c(n1)CCC2
P970443,2,6,3,3.200000000000000e+000,2,1.153000000000000e+002,,<rdkit.Chem.rdchem.Mol object at 0x000001B74D05BF90>,,N#Cc1ccc(CSc2nc(O)cc(O)n2)cc1
P9080671,0,4,2,3.000000000000000e+000,3,5.649999999999999e+001,,<rdkit.Chem.rdchem.Mol object at 0x000001B74D05C030>,,Fc1ccc(-c2nnnn2-c2ccc(Br)cn2)cc1
P7715530150,2,7,7,3.200000000000000e+000,4,1.425000000000000e+002,,<rdkit.Chem.rdchem.Mol object at 0x000001B74D05C090>,,CCc1ccc(NC(=O)c2c(C(=O)Nc3ccc(C(=O)OC)cc3)sc3nc(C)cc(=O)n23)cc1
P7570662,1,3,2,3.800000000000000e+000,4,4.649999999999999e+001,,<rdkit.Chem.rdchem.Mol object at 0x000001B74D05C0F0>,,COC(=O)[C@H]1CC[C@H]2[C@@H]3CC=C4C[C@@H](O)CC[C@]4(C)[C@H]3CC[C@]12C
P7570661,1,4,3,3.900000000000000e+000,4,6.359999999999999e+001,,<rdkit.Chem.rdchem.Mol object at 0x000001B74D05C150>,,CC(=O)O[C@H]1CC[C@@]2(C)C(=CC[C@H]3[C@@H]4CC[C@H](C(=O)O)[C@@]4(C)CC[C@@H]32)C1
P7570660,0,4,3,4.700000000000000e+000,5,5.259999999999999e+001,,<rdkit.Chem.rdchem.Mol object at 0x000001B74D05C1B0>,,CC(=O)O[C@H]1CC[C@@]2(C)C(=CC[C@H]3[C@@H]4CC[C@@H]([C@]5(C)CCC(=O)O5)[C@@]4(C)CC[C@@H]32)C1
P7570655,1,4,2,3.400000000000000e+000,5,6.359999999999999e+001,,<rdkit.Chem.rdchem.Mol object at 0x000001B74D05C210>,,C[C@H](C(=O)O)[C@H]1CC[C@H]2[C@@H]3CC[C@@H]4C[C@H]5CC[C@]4(C)[C@@]3(O5)C(=O)C[C@]12C
P7570645,1,4,6,4.700000000000000e+000,4,5.580000000000000e+001,,<rdkit.Chem.rdchem.Mol object at 0x000001B74D05C270>,,COC(=O)CC[C@@H](C)[C@H]1CC[C@H]2[C@@H]3CC[C@@H]4C[C@H](O)CC[C@]4(C)[C@H]3C[C@H](OC)[C@]12C
P7570383,1,1,0,4.900000000000000e+000,4,2.020000000000000e+001,,<rdkit.Chem.rdchem.Mol object at 0x000001B74D05C2D0>,,C[C@]12CCCC[C@@H]1CC[C@@H]1[C@@H]2CC[C@@]2(C)[C@H]1CC[C@]2(C)O
P7569515,1,1,0,4.700000000000000e+000,4,2.020000000000000e+001,,<rdkit.Chem.rdchem.Mol object at 0x000001B74D05C330>,,C[C@]12CCCC[C@@H]1CC[C@@H]1[C@@H]2CC[C@]2(C)[C@@H](O)CC[C@@H]12
P7569347,1,5,3,4.100000000000000e+000,4,8.510000000000002e+001,,<rdkit.Chem.rdchem.Mol object at 0x000001B74D05C390>,,CSc1nc2n(n1)C(c1ccc(C(F)(F)F)cc1)C1=C(CC(C)(C)CC1=O)N2
P7566896,3,3,6,1.900000000000000e+000,3,8.650000000000000e+001,,<rdkit.Chem.rdchem.Mol object at 0x000001B74D05C3F0>,,Cc1n[nH]c(C)c1CCC(=O)NCCc1nc2ccccc2[nH]1
P7566870,1,6,6,1.000000000000000e+000,4,1.029000000000000e+002,,<rdkit.Chem.rdchem.Mol object at 0x000001B74D05C450>,,O=C(NCCCc1nnc2ccccn12)c1cc(F)ccc1-n1cnnn1
P7566785,2,3,5,2.100000000000000e+000,4,7.809999999999999e+001,,<rdkit.Chem.rdchem.Mol object at 0x000001B74D05C4B0>,,C[C@@H](C(=O)NCCc1nc2ccccc2[nH]1)N1Cc2ccccc2C1=O
P7566561,2,5,5,3.500000000000000e+000,4,1.096000000000000e+002,,<rdkit.Chem.rdchem.Mol object at 0x000001B74D05C510>,,Cc1noc2nc(-c3ccccc3)cc(C(=O)Nc3n[nH]c(CC(C)C)n3)c12
P7565213,2,6,8,1.900000000000000e+000,4,1.089000000000000e+002,,<rdkit.Chem.rdchem.Mol object at 0x000001B74D05C570>,,COc1ccc2cnn(CC(=O)NCCCc3nc4ccccc4[nH]3)c(=O)c2c1OC
P7565197,1,7,6,1.100000000000000e+000,3,1.401000000000000e+002,,<rdkit.Chem.rdchem.Mol object at 0x000001B74D05C5D0>,,CCOC(=O)c1csc(NC(=O)c2ccccc2-n2cnnn2)n1
P7565081,1,6,4,9.000000000000000e-001,4,1.029000000000000e+002,,<rdkit.Chem.rdchem.Mol object at 0x000001B74D05C630>,,O=C(NCc1nnc2ccccn12)c1cc(Br)ccc1-n1cnnn1
P7564374,1,4,6,4.300000000000000e+000,4,8.140000000000001e+001,,<rdkit.Chem.rdchem.Mol object at 0x000001B74D05C690>,,Cc1oc2c(C)c3oc(=O)c(CCC(=O)NCCc4ccccn4)c(C)c3cc2c1C
P7560625,1,7,4,3.300000000000000e+000,5,1.382000000000000e+002,,<rdkit.Chem.rdchem.Mol object at 0x000001B74D05C6F0>,,Cn1c(Sc2ncnc3[nH]cnc23)nc2c1c(=O)n(Cc1ccc(Cl)cc1)c(=O)n2C
P7560370,1,7,4,2.600000000000000e+000,5,1.382000000000000e+002,,<rdkit.Chem.rdchem.Mol object at 0x000001B74D05C750>,,Cn1c(Sc2ncnc3[nH]cnc23)nc2c1c(=O)n(Cc1ccccc1)c(=O)n2C
P7560226,1,5,6,2.800000000000000e+000,3,1.040000000000000e+002,,<rdkit.Chem.rdchem.Mol object at 0x000001B74D05C7B0>,,Cn1c(SCCCO)nc2c1c(=O)n(Cc1ccc(Cl)cc1)c(=O)n2C
P7559882,3,6,5,-5.000000000000000e-001,3,1.124000000000000e+002,,<rdkit.Chem.rdchem.Mol object at 0x000001B74D05C810>,,Cn1c(=O)[nH]c(=O)c2c1nc(NCc1cccnc1)n2CCO
P7553701,0,4,4,4.500000000000000e+000,3,9.229999999999998e+001,,<rdkit.Chem.rdchem.Mol object at 0x000001B74D05C870>,,N#Cc1nc(-c2ccccc2)oc1S(=O)(=O)Cc1ccc(Cl)cc1Cl
P7413180399,1,4,4,4.300000000000000e+000,3,8.710000000000001e+001,,<rdkit.Chem.rdchem.Mol object at 0x000001B74D05C8D0>,,Cc1ccc(SC/C(O)=C(\C#N)c2nc3ccccc3n2C)cc1
P7413180397,0,4,2,3.400000000000000e+000,5,9.219999999999999e+001,,<rdkit.Chem.rdchem.Mol object at 0x000001B74D05C930>,,COc1ccc(N2C(=O)c3sc4nc5ccccc5n4c3C2=O)cc1
P7217970243,0,5,3,5.000000000000000e+000,5,8.170000000000000e+001,,<rdkit.Chem.rdchem.Mol object at 0x000001B74D05C990>,,Cc1ccc(-c2csc3ncnc(Oc4ccc5c(c4)OCO5)c23)cc1
P7217961504,0,4,4,3.200000000000000e+000,3,9.300000000000000e+001,,<rdkit.Chem.rdchem.Mol object at 0x000001B74D05C9F0>,,CC(=O)c1c(C)oc2ccc(N(C(C)=O)S(=O)(=O)c3ccc(F)cc3C)cc12
P7217960085,2,4,3,2.500000000000000e+000,4,1.007000000000000e+002,,<rdkit.Chem.rdchem.Mol object at 0x000001B74D05CA50>,,Cc1ccc(NS(=O)(=O)c2cc3c4c(cccc4c2)C(=O)NC3=O)cc1
P7217930100,1,3,5,2.500000000000000e+000,3,6.740000000000001e+001,,<rdkit.Chem.rdchem.Mol object at 0x000001B74D05CAB0>,,O=S(=O)(NCCc1ccccn1)c1ccc2ccccc2c1
P7217220868,1,4,7,2.800000000000000e+000,5,8.860000000000002e+001,,<rdkit.Chem.rdchem.Mol object at 0x000001B74D05CB10>,,O=C(C1=C(O)C(=O)N(CCCn2ccnc2)C1c1ccccc1)c1cc2ccccc2o1
P7217220852,1,7,8,2.800000000000000e+000,5,1.017000000000000e+002,,<rdkit.Chem.rdchem.Mol object at 0x000001B74D05CB70>,,COc1ccc(C2C(C(=O)c3cc4ccccc4o3)=C(O)C(=O)N2CCN2CCOCC2)cc1OC
P7217050004,1,5,5,3.200000000000000e+000,4,1.005000000000000e+002,,<rdkit.Chem.rdchem.Mol object at 0x000001B74D05CBD0>,,C=CCn1c(=O)c2c(C)c(C)sc2n2c(Nc3ccc(OC)cc3)nnc12
P7216450141,0,7,4,2.500000000000000e+000,4,1.120000000000000e+002,,<rdkit.Chem.rdchem.Mol object at 0x000001B74D05CC30>,,Cc1cc(C)n2c(SCc3nnnn3-c3ccccc3)nnc2n1
P7216050356,0,4,3,4.700000000000000e+000,5,5.259999999999999e+001,,<rdkit.Chem.rdchem.Mol object at 0x000001B74D05CC90>,,CC(=O)OC1CCC2(C)C(=CCC3C2CCC2(C)C3CCC2C2(C)CCC(=O)O2)C1
P7216050351,1,4,2,3.400000000000000e+000,5,6.359999999999999e+001,,<rdkit.Chem.rdchem.Mol object at 0x000001B74D05CCF0>,,CC(C(=O)O)C1CCC2C3CC[C@@H]4C[C@H]5CC[C@]4(C)[C@@]3(O5)C(=O)C[C@]12C
P7215700255,0,5,5,3.800000000000000e+000,3,8.600000000000000e+001,,<rdkit.Chem.rdchem.Mol object at 0x000001B74D05CD50>,,Cn1c(SCC(=O)c2ccc(Cl)cc2Cl)nnc1-c1cccnc1
P7215700198,0,5,5,3.900000000000000e+000,3,1.106000000000000e+002,,<rdkit.Chem.rdchem.Mol object at 0x000001B74D05CDB0>,,COC(=O)CSc1nnc(-c2sc3ccccc3c2Cl)n1C
P7214590421,0,4,4,5.000000000000000e+000,4,9.640000000000001e+001,,<rdkit.Chem.rdchem.Mol object at 0x000001B74D05CE10>,,Cc1sc2ncnc(SCC(=O)c3ccc4ccccc4c3)c2c1C
P7214590314,0,6,4,4.900000000000000e+000,5,1.229000000000000e+002,,<rdkit.Chem.rdchem.Mol object at 0x000001B74D05CE70>,,Cc1sc2ncnc(Sc3nnnn3-c3ccccc3)c2c1-c1ccccc1
P7214170053,1,6,9,4.900000000000000e+000,3,1.316000000000000e+002,,<rdkit.Chem.rdchem.Mol object at 0x000001B74D05CED0>,,CCOC(=O)CCCSc1nc(N)c2c(C)c(Cc3ccccc3)sc2n1
P7213400024,2,6,5,8.000000000000000e-001,2,1.140000000000000e+002,,<rdkit.Chem.rdchem.Mol object at 0x000001B74D05CF30>,,COc1ccc(S(=O)(=O)Nc2cccnc2)cc1C(=O)O
P7213380148,1,5,7,2.100000000000000e+000,3,7.370000000000000e+001,,<rdkit.Chem.rdchem.Mol object at 0x000001B74D05CF90>,,CN(C)CCCN1C(=O)C(O)=C(C(=O)c2ccc(Cl)cc2)C1c1ccncc1
P7213330387,1,4,5,5.000000000000000e+000,4,1.084000000000000e+002,,<rdkit.Chem.rdchem.Mol object at 0x000001B74D062030>,,Cc1nc(SCC(=O)Nc2c(F)cccc2F)c2cc(-c3ccccc3)sc2n1
P7213330070,1,5,7,4.500000000000000e+000,4,1.177000000000000e+002,,<rdkit.Chem.rdchem.Mol object at 0x000001B74D062090>,,COc1ccc(CCNC(=O)CSc2ncnc3sc4c(c23)CCCC4)cc1
P7213330066,3,8,6,3.800000000000000e+000,4,1.499000000000000e+002,,<rdkit.Chem.rdchem.Mol object at 0x000001B74D0620F0>,(COOH)2,COc1ccc(CCNc2ncnc3sc4c(c23)CCCC4)cc1.O=C(O)C(=O)O
P7213330064,1,4,5,3.500000000000000e+000,3,7.530000000000000e+001,,<rdkit.Chem.rdchem.Mol object at 0x000001B74D062150>,,COc1ccc(CCNc2ncnc3sc(C)c(C)c23)cc1
P7213330049,0,3,2,3.700000000000000e+000,3,6.330000000000000e+001,,<rdkit.Chem.rdchem.Mol object at 0x000001B74D0621B0>,,Cc1cccc(Oc2ncnc3sccc23)c1
P7212970018,0,1,1,2.500000000000000e+000,3,1.730000000000000e+001,,<rdkit.Chem.rdchem.Mol object at 0x000001B74D062210>,,c1ccc(-c2cn3ccccc3n2)cc1
P7212090955,0,4,1,1.700000000000000e+000,4,8.420000000000000e+001,,<rdkit.Chem.rdchem.Mol object at 0x000001B74D062270>,,Cc1sc2ncn3nnnc3c2c1-c1ccccc1
P7212090676,0,5,5,4.700000000000000e+000,5,1.167000000000000e+002,,<rdkit.Chem.rdchem.Mol object at 0x000001B74D0622D0>,,O=C1c2ccccc2C(=O)N1CCSc1ncnc2sc(-c3ccccc3)cc12
P7212090490,0,4,4,5.000000000000000e+000,4,7.250000000000000e+001,,<rdkit.Chem.rdchem.Mol object at 0x000001B74D062330>,,COc1cccc(Oc2ncnc3sc(-c4ccccc4)cc23)c1
P7212090489,1,4,4,4.400000000000000e+000,4,7.530000000000000e+001,,<rdkit.Chem.rdchem.Mol object at 0x000001B74D062390>,,COc1ccc(Nc2ncnc3sc(-c4ccccc4)cc23)cc1
P7212090090,1,6,7,4.900000000000000e+000,4,1.630000000000000e+002,,<rdkit.Chem.rdchem.Mol object at 0x000001B74D0623F0>,,COC(=O)c1c(NC(=O)CSc2ncnc3sc(-c4ccccc4)cc23)sc(C)c1C
P7212060151,1,3,2,2.000000000000000e+000,3,7.040000000000001e+001,,<rdkit.Chem.rdchem.Mol object at 0x000001B74D062450>,,Nc1nc2c(s1)CN(Cc1ccccc1)CC2
P7211810371,1,4,3,2.900000000000000e+000,2,5.649999999999999e+001,,<rdkit.Chem.rdchem.Mol object at 0x000001B74D0624B0>,,COc1cc(C(C#N)N2CCCCCC2)ccc1O
P7211790425,0,6,4,4.100000000000000e+000,5,1.149000000000000e+002,,<rdkit.Chem.rdchem.Mol object at 0x000001B74D062510>,,Cc1nc(SCC(=O)c2ccc3c(c2)OCO3)c2c3c(sc2n1)CCC3
P7211790087,0,5,5,4.600000000000000e+000,4,1.047000000000000e+002,,<rdkit.Chem.rdchem.Mol object at 0x000001B74D062570>,,C=CCn1c(SCc2ccc3c(c2)OCO3)nc2sc(C)c(C)c2c1=O
P7211760048,2,8,6,2.900000000000000e+000,2,1.271000000000000e+002,,<rdkit.Chem.rdchem.Mol object at 0x000001B74D0625D0>,,COc1ccc(C(=O)CSc2nc(O)cc(O)n2)cc1OC
P7211730847,1,3,4,3.800000000000000e+000,4,6.609999999999998e+001,,<rdkit.Chem.rdchem.Mol object at 0x000001B74D062630>,,Cc1nc(NCCc2ccccc2)c2c3c(sc2n1)CCC3
P7211730815,1,3,4,4.200000000000000e+000,4,6.609999999999998e+001,,<rdkit.Chem.rdchem.Mol object at 0x000001B74D062690>,,Cc1nc(NCCc2ccccc2)c2c3c(sc2n1)CCCC3
P7211730273,0,6,3,3.800000000000000e+000,4,1.229000000000000e+002,,<rdkit.Chem.rdchem.Mol object at 0x000001B74D0626F0>,,Cc1sc2ncnc(Sc3nnnn3-c3ccccc3)c2c1C
P7211680021,2,6,3,2.600000000000000e+000,3,9.310000000000002e+001,,<rdkit.Chem.rdchem.Mol object at 0x000001B74D062750>,,Cc1oc2cc(O)ccc2c(=O)c1Oc1ccc(C(=O)O)cc1
P7211390117,1,3,2,2.600000000000000e+000,3,8.129999999999998e+001,,<rdkit.Chem.rdchem.Mol object at 0x000001B74D0627B0>,,N#Cc1c(N)sc2c1CCN(Cc1ccccc1)C2
P7211300030,1,6,10,4.000000000000000e+000,2,9.030000000000000e+001,,<rdkit.Chem.rdchem.Mol object at 0x000001B74D062810>,,COc1cc(C(CC(=O)c2ccc(Cl)cc2)SCCO)cc(OC)c1OC
P7139382,2,5,2,2.500000000000000e+000,3,6.950000000000000e+001,,<rdkit.Chem.rdchem.Mol object at 0x000001B74D062870>,,Oc1nc(O)c2c(n1)CCN(Cc1ccccc1)C2
P7135510,0,4,4,2.400000000000000e+000,3,4.240000000000001e+001,,<rdkit.Chem.rdchem.Mol object at 0x000001B74D0628D0>,,COC(=O)c1ccnc2c1CN(Cc1ccccc1)CC2
P7135509,0,4,4,3.300000000000000e+000,3,4.240000000000001e+001,,<rdkit.Chem.rdchem.Mol object at 0x000001B74D062930>,,COC(=O)c1cc(Cl)nc2c1CN(Cc1ccccc1)CC2
P7133109,2,3,2,1.900000000000000e+000,2,4.520000000000000e+001,,<rdkit.Chem.rdchem.Mol object at 0x000001B74D062990>,,CNCc1cc(O)nc2ccccc12
P7131707,1,4,4,3.400000000000000e+000,4,1.292000000000000e+002,,<rdkit.Chem.rdchem.Mol object at 0x000001B74D0629F0>,,Cc1csc(NC(=O)c2cc(-c3cccs3)nc3c2cnn3C(C)C)n1
P7130118,1,5,6,3.400000000000000e+000,4,9.000000000000000e+001,,<rdkit.Chem.rdchem.Mol object at 0x000001B74D062A50>,,Cc1cc(C)n(-c2ccc3nnc(CCCC(=O)Nc4cc(F)c(F)c(F)c4)n3n2)n1
P7128054,1,5,6,2.900000000000000e+000,3,1.501000000000000e+002,,<rdkit.Chem.rdchem.Mol object at 0x000001B74D062AB0>,,NC(=O)CSc1oc(-c2ccco2)nc1S(=O)(=O)c1ccc(Cl)cc1
P7127870,1,6,8,4.800000000000000e+000,4,1.322000000000000e+002,,<rdkit.Chem.rdchem.Mol object at 0x000001B74D062B10>,,COc1ccccc1NC(=O)CSc1oc(-c2ccc(F)cc2)nc1S(=O)(=O)c1ccccc1
P7127829,1,6,8,4.100000000000000e+000,3,1.513000000000000e+002,,<rdkit.Chem.rdchem.Mol object at 0x000001B74D062B70>,,CCCS(=O)(=O)c1nc(S(=O)(=O)c2ccc(C)cc2)c(NCc2ccco2)s1
P7127779,1,4,4,2.600000000000000e+000,3,9.370000000000002e+001,,<rdkit.Chem.rdchem.Mol object at 0x000001B74D062BD0>,,CNc1oc(-c2ccco2)nc1S(=O)(=O)c1ccccc1
P7126930,1,6,5,2.700000000000000e+000,4,1.104000000000000e+002,,<rdkit.Chem.rdchem.Mol object at 0x000001B74D062C30>,,O=C(CSc1nc2ccccc2c2nnnn12)NCc1cccc(Cl)c1
P7126910,2,9,6,0.000000000000000e+000,4,1.935000000000000e+002,,<rdkit.Chem.rdchem.Mol object at 0x000001B74D062C90>,,O=C(CSc1nc2ccccc2c2nnnn12)NCC(=O)Nc1ncns1
P7126388,1,5,4,3.500000000000000e+000,4,9.750000000000000e+001,,<rdkit.Chem.rdchem.Mol object at 0x000001B74D062CF0>,,Cc1cccc(NC(=O)CSc2nc3c4ccccc4ncn3n2)c1
P7119985631,1,4,4,4.200000000000000e+000,3,7.730000000000001e+001,,<rdkit.Chem.rdchem.Mol object at 0x000001B74D062D50>,,COc1ccc(-c2nonc2NC(=O)c2ccc(Cl)cc2Cl)cc1
P7119985581,0,3,4,3.700000000000000e+000,4,8.910000000000002e+001,,<rdkit.Chem.rdchem.Mol object at 0x000001B74D062DB0>,,Cc1cc(C)c2oc(C(=O)N(Cc3ccc(C)o3)C3CCS(=O)(=O)C3)c(C)c2c1
P7119982923,1,5,7,4.200000000000000e+000,3,8.650000000000000e+001,,<rdkit.Chem.rdchem.Mol object at 0x000001B74D062E10>,,CCc1ccc(OC(C)C(=O)Nc2nonc2-c2ccc(OC)cc2)cc1
P7119981812,0,3,4,2.600000000000000e+000,4,8.910000000000002e+001,,<rdkit.Chem.rdchem.Mol object at 0x000001B74D062E70>,,Cc1c(C(=O)N(Cc2ccco2)C2CCS(=O)(=O)C2)oc2ccccc12
P7119980719,2,3,4,4.500000000000000e+000,5,8.240000000000001e+001,,<rdkit.Chem.rdchem.Mol object at 0x000001B74D062ED0>,,Cc1ccc(O)c(-c2n[nH]c3c2C(c2ccccc2F)N(Cc2ccco2)C3=O)c1
P7119980244,1,7,4,3.400000000000000e+000,6,1.301000000000000e+002,,<rdkit.Chem.rdchem.Mol object at 0x000001B74D062F30>,,O=C(C1=C(O)C(=O)N(c2nc3ccc(F)cc3s2)C1c1cccnc1)c1ccc2c(c1)OCCO2
P7119980108,2,4,4,3.700000000000000e+000,5,8.210000000000001e+001,,<rdkit.Chem.rdchem.Mol object at 0x000001B74D062F90>,,O=C1c2[nH]nc(-c3ccccc3O)c2C(c2ccccc2F)N1Cc1ccncc1
P7119911570,0,3,4,4.000000000000000e+000,5,3.030000000000000e+001,,<rdkit.Chem.rdchem.Mol object at 0x000001B74F0C0030>,,c1ccc2c(Cn3c(CN4CCOCC4)nc4ccccc43)cccc2c1
P7119911520,1,3,7,3.600000000000000e+000,3,4.730000000000000e+001,,<rdkit.Chem.rdchem.Mol object at 0x000001B74F0C0090>,,Cc1ccccc1OCCCn1c(CCO)nc2ccccc21
P7119911519,1,3,7,3.700000000000000e+000,3,4.730000000000000e+001,,<rdkit.Chem.rdchem.Mol object at 0x000001B74F0C00F0>,,OCCc1nc2ccccc2n1CCCOc1ccccc1Cl
P7119910488,0,2,5,4.300000000000000e+000,5,3.809999999999999e+001,,<rdkit.Chem.rdchem.Mol object at 0x000001B74F0C0150>,,C=CCN1CC(c2nc3ccccc3n2Cc2ccc3ccccc3c2)CC1=O
P7119910473,0,3,8,4.500000000000000e+000,4,4.740000000000001e+001,,<rdkit.Chem.rdchem.Mol object at 0x000001B74F0C01B0>,,C=CCN1CC(c2nc3ccccc3n2CCCOc2cc(C)ccc2C)CC1=O
P7119910433,0,2,5,4.700000000000000e+000,4,3.809999999999999e+001,,<rdkit.Chem.rdchem.Mol object at 0x000001B74F0C0210>,,C=CCN1CC(c2nc3ccccc3n2Cc2ccc(Cl)c(Cl)c2)CC1=O
P7119910233,0,2,4,4.200000000000000e+000,4,3.809999999999999e+001,,<rdkit.Chem.rdchem.Mol object at 0x000001B74F0C0270>,,C#CCn1c(C2CC(=O)N(Cc3ccc(F)cc3)C2)nc2ccccc21
P7119910231,1,2,3,2.800000000000000e+000,4,4.900000000000000e+001,,<rdkit.Chem.rdchem.Mol object at 0x000001B74F0C02D0>,,O=C1CC(c2nc3ccccc3[nH]2)CN1Cc1ccc(F)cc1
P7119910111,0,3,6,4.700000000000000e+000,4,4.740000000000001e+001,,<rdkit.Chem.rdchem.Mol object at 0x000001B74F0C0330>,,Cc1cccc(C)c1OCCn1c(C2CC(=O)N(C(C)(C)C)C2)nc2ccccc21
P7119910107,0,3,6,4.400000000000000e+000,4,4.740000000000001e+001,,<rdkit.Chem.rdchem.Mol object at 0x000001B74F0C0390>,,CC(C)(C)N1CC(c2nc3ccccc3n2CCOc2ccc(Cl)cc2)CC1=O
P7119891259,2,5,8,5.000000000000000e+000,5,9.510000000000002e+001,,<rdkit.Chem.rdchem.Mol object at 0x000001B74F0C03F0>,,COc1ccc(CCNC(=O)c2c(N)n(CCc3ccc(F)cc3)c3nc4ccccc4nc23)cc1
P7119880874,1,4,6,5.000000000000000e+000,3,1.003000000000000e+002,,<rdkit.Chem.rdchem.Mol object at 0x000001B74F0C0450>,,Cc1cc(C)c(S(=O)(=O)Nc2c(C)cccc2C)cc1N(C)S(=O)(=O)c1ccccc1
P7119880824,3,6,4,8.000000000000000e-001,3,1.417000000000000e+002,,<rdkit.Chem.rdchem.Mol object at 0x000001B74F0C04B0>,,CNS(=O)(=O)c1ccc2c(c1)C(=NO)c1cc(S(=O)(=O)NC)ccc1-2
P7119880822,3,6,10,3.500000000000000e+000,3,1.417000000000000e+002,,<rdkit.Chem.rdchem.Mol object at 0x000001B74F0C0510>,,CCCCNS(=O)(=O)c1ccc2c(c1)C(=NO)c1cc(S(=O)(=O)NCCCC)ccc1-2
P7119870074,1,3,5,4.100000000000000e+000,3,5.119999999999999e+001,,<rdkit.Chem.rdchem.Mol object at 0x000001B74F0C0570>,,Cc1ccccc1OCC(=O)Nc1ccnc2cc(C(F)(F)F)ccc12
P7119832854,1,4,4,3.800000000000000e+000,3,7.270000000000000e+001,,<rdkit.Chem.rdchem.Mol object at 0x000001B74F0C05D0>,,Cc1ccc(C)c(NC(=O)Cn2nnc(-c3ccc(Cl)cc3)n2)c1
P7119831307,0,2,2,5.000000000000000e+000,5,4.630000000000000e+001,,<rdkit.Chem.rdchem.Mol object at 0x000001B74F0C0630>,,O=C(c1ccc2noc(-c3ccccc3)c2c1)N1CCCc2ccccc21
P7119830974,0,1,3,4.500000000000000e+000,4,4.550000000000000e+001,,<rdkit.Chem.rdchem.Mol object at 0x000001B74F0C0690>,,Fc1ccc(-c2cn3cc(Cc4ccccc4F)sc3n2)cc1
P7119830224,0,5,4,2.500000000000000e+000,4,9.340000000000002e+001,,<rdkit.Chem.rdchem.Mol object at 0x000001B74F0C06F0>,,Cc1cccc(OCc2nnc3sc(-c4ccncc4)nn23)c1
P7119830223,0,6,6,3.700000000000000e+000,4,9.900000000000000e+001,,<rdkit.Chem.rdchem.Mol object at 0x000001B74F0C0750>,,COc1ccc(-c2nn3c(COc4cccc(C)c4)nnc3s2)cc1OC
P7119790588,1,5,5,4.900000000000000e+000,4,8.300000000000000e+001,,<rdkit.Chem.rdchem.Mol object at 0x000001B74F0C07B0>,,Cc1ccc(-n2c(N)c(C(=O)OCC(C)C)c3nc4ccccc4nc32)cc1
P7119760195,2,5,4,2.300000000000000e+000,2,1.122000000000000e+002,,<rdkit.Chem.rdchem.Mol object at 0x000001B74F0C0810>,,O=C(Nc1cccc(F)c1)c1cccc([N+](=O)[O-])c1C(=O)O
P7119730592,1,2,5,3.600000000000000e+000,4,4.689999999999999e+001,,<rdkit.Chem.rdchem.Mol object at 0x000001B74F0C0870>,,CC(=O)NCCc1nc2ccccc2n1Cc1ccc2ccccc2c1
P7119692473,1,3,5,4.300000000000000e+000,5,8.170000000000000e+001,,<rdkit.Chem.rdchem.Mol object at 0x000001B74F0C08D0>,,Cc1oc2cc3oc(=O)c(CC(=O)NCc4ccco4)c(C)c3cc2c1-c1ccccc1
P7119692405,1,5,6,4.400000000000000e+000,4,8.700000000000000e+001,,<rdkit.Chem.rdchem.Mol object at 0x000001B74F0C0930>,,COc1ccc(CNC(=O)Cc2c(C)c3c(cc(C)c4c(C)coc43)oc2=O)cc1OC
P7119692398,1,3,4,4.900000000000000e+000,4,6.850000000000000e+001,,<rdkit.Chem.rdchem.Mol object at 0x000001B74F0C0990>,,Cc1ccc(CNC(=O)Cc2c(C)c3c(cc(C)c4c(C)coc43)oc2=O)cc1
P7119692364,1,3,5,4.600000000000000e+000,4,6.850000000000000e+001,,<rdkit.Chem.rdchem.Mol object at 0x000001B74F0C09F0>,,Cc1oc2cc3oc(=O)c(CC(=O)NCCc4ccccc4F)c(C)c3cc2c1C
P7119692358,1,4,5,4.100000000000000e+000,4,7.780000000000000e+001,,<rdkit.Chem.rdchem.Mol object at 0x000001B74F0C0A50>,,COc1cccc(CNC(=O)Cc2c(C)c3cc4c(C)c(C)oc4cc3oc2=O)c1
P7119692339,1,3,4,3.700000000000000e+000,4,8.170000000000000e+001,,<rdkit.Chem.rdchem.Mol object at 0x000001B74F0C0AB0>,,Cc1oc2c(C)c3oc(=O)c(CC(=O)NCc4ccco4)c(C)c3cc2c1C
P7119692016,2,4,4,4.000000000000000e+000,3,7.559999999999999e+001,,<rdkit.Chem.rdchem.Mol object at 0x000001B74F0C0B10>,,Cc1cc(O)c2c(C)c(CC(=O)NCc3cccc(Cl)c3)c(=O)oc2c1
P7119642513,1,6,10,3.800000000000000e+000,4,9.250000000000000e+001,,<rdkit.Chem.rdchem.Mol object at 0x000001B74F0C0B70>,,CCN(CC)CCN1C(=O)C(O)=C(C(=O)c2cc3cccc(OC)c3o2)C1c1cccc(OC)c1
P7119642025,2,5,4,0.000000000000000e+000,4,1.018000000000000e+002,,<rdkit.Chem.rdchem.Mol object at 0x000001B74F0C0BD0>,,CCNC(=O)c1cc2c(=O)n3ccccc3nc2n(Cc2cccnc2)c1=N
P7119641222,1,7,7,1.600000000000000e+000,5,9.660000000000002e+001,,<rdkit.Chem.rdchem.Mol object at 0x000001B74F0C0C30>,,COc1cccc(C2C(C(=O)c3c(C)nc4ccccn34)=C(O)C(=O)N2CCN2CCOCC2)c1
P7119641205,1,5,6,1.400000000000000e+000,4,9.129999999999998e+001,,<rdkit.Chem.rdchem.Mol object at 0x000001B74F0C0C90>,,Cc1ccc(C2C(C(=O)c3c(C)nc4ccccn34)=C(O)C(=O)N2CCN(C)C)o1
P7119641191,1,5,7,1.800000000000000e+000,5,9.269999999999999e+001,,<rdkit.Chem.rdchem.Mol object at 0x000001B74F0C0CF0>,,Cc1nc2ccccn2c1C(=O)C1=C(O)C(=O)N(CCCn2ccnc2)C1c1ccc(F)cc1
P7119641186,1,5,10,3.900000000000000e+000,4,7.809999999999999e+001,,<rdkit.Chem.rdchem.Mol object at 0x000001B74F0C0D50>,,CCN(CC)CCCN1C(=O)C(O)=C(C(=O)c2c(C)nc3ccccn23)C1c1ccc(C(C)C)cc1
P7119641167,1,5,7,1.300000000000000e+000,3,1.151000000000000e+002,,<rdkit.Chem.rdchem.Mol object at 0x000001B74F0C0DB0>,,Cc1ccc(C2C(C(=O)c3sc(C)nc3C)=C(O)C(=O)N2CCCN(C)C)o1
P7119640907,1,6,6,2.000000000000000e+000,5,9.610000000000001e+001,,<rdkit.Chem.rdchem.Mol object at 0x000001B74F0C0E10>,,O=C(C1=C(O)C(=O)N(CCN2CCOCC2)C1c1ccccn1)c1cc2ccccc2o1
P7119640803,1,5,7,2.700000000000000e+000,4,7.809999999999999e+001,,<rdkit.Chem.rdchem.Mol object at 0x000001B74F0C0E70>,,Cc1nc2ccccn2c1C(=O)C1=C(O)C(=O)N(CCCN(C)C)C1c1ccc(Cl)cc1
P7119640541,2,5,5,4.000000000000000e-001,5,1.112000000000000e+002,,<rdkit.Chem.rdchem.Mol object at 0x000001B74F0C0ED0>,,N=c1c(C(=O)NCC2CCCO2)cc2c(=O)n3ccccc3nc2n1Cc1ccco1
P7119561849,1,4,3,1.800000000000000e+000,4,8.780000000000000e+001,,<rdkit.Chem.rdchem.Mol object at 0x000001B74F0C0F30>,,CN1C(=O)c2cccc3c(S(=O)(=O)Nc4ccccn4)ccc1c23
P7119561771,1,3,3,2.900000000000000e+000,4,7.490000000000001e+001,,<rdkit.Chem.rdchem.Mol object at 0x000001B74F0C0F90>,,Cc1ccccc1NS(=O)(=O)c1ccc2c3c(cccc13)C(=O)N2C
P7119471077,0,4,5,4.300000000000000e+000,6,7.650000000000000e+001,,<rdkit.Chem.rdchem.Mol object at 0x000001B74F0D7030>,,O=c1c2c3nc4ccccc4nc3n(CCc3ccccc3)c2ncn1Cc1ccco1
P7119250052,1,5,5,2.400000000000000e+000,4,9.330000000000000e+001,,<rdkit.Chem.rdchem.Mol object at 0x000001B74F0D7090>,,COc1cc(NS(=O)(=O)c2ccc3c4c(cccc24)C(=O)N3C)cc(OC)c1
P7118351690,0,4,5,3.200000000000000e+000,2,1.003000000000000e+002,,<rdkit.Chem.rdchem.Mol object at 0x000001B74F0D70F0>,,COc1ccc(N(C(=O)C(C)C)S(=O)(=O)c2cccs2)cc1
P7118350664,2,5,5,2.700000000000000e+000,2,9.320000000000000e+001,,<rdkit.Chem.rdchem.Mol object at 0x000001B74F0D7150>,,COc1ccc(OC)c(S(=O)(=O)Nc2cc(Cl)ccc2O)c1
P7118070067,0,5,6,4.600000000000000e+000,4,7.809999999999999e+001,,<rdkit.Chem.rdchem.Mol object at 0x000001B74F0D71B0>,,Fc1ccc(-n2ncc3c(SCCOc4ccccc4)ncnc32)cc1
P7117100154,0,2,3,4.800000000000000e+000,3,2.950000000000000e+001,,<rdkit.Chem.rdchem.Mol object at 0x000001B74F0D7210>,,Cc1ccc(N(C)C(=O)Oc2ccc3ccccc3c2)cc1
P7115750081,2,5,4,1.600000000000000e+000,3,9.490000000000002e+001,,<rdkit.Chem.rdchem.Mol object at 0x000001B74F0D7270>,,O=C(O)CCCN1C(=O)c2cccc3c(O)ccc(c23)C1=O
P7114830463,1,2,4,3.800000000000000e+000,4,5.460000000000000e+001,,<rdkit.Chem.rdchem.Mol object at 0x000001B74F0D72D0>,,O=S(=O)(NC12CC3CC(CC(C3)C1)C2)c1cccc(C(F)(F)F)c1
P7114830460,1,2,4,4.200000000000000e+000,2,5.460000000000000e+001,,<rdkit.Chem.rdchem.Mol object at 0x000001B74F0D7330>,,O=S(=O)(NC1CCCCC1)c1ccc(Cl)c(C(F)(F)F)c1
P7114830227,1,2,4,4.500000000000000e+000,4,5.460000000000000e+001,,<rdkit.Chem.rdchem.Mol object at 0x000001B74F0D7390>,,O=S(=O)(NC12CC3CC(CC(C3)C1)C2)c1ccc(Cl)c(C(F)(F)F)c1
P7114551525,0,5,6,4.800000000000000e+000,4,1.023000000000000e+002,,<rdkit.Chem.rdchem.Mol object at 0x000001B74F0D73F0>,,COc1ccc(S(=O)(=O)N(C(=O)c2ccc(Cl)cc2)c2ccc3oc(C)c(C(C)=O)c3c2)cc1
P7114510209,3,5,5,1.700000000000000e+000,3,1.061000000000000e+002,,<rdkit.Chem.rdchem.Mol object at 0x000001B74F0D7450>,,CC1=C(C(N)=O)C(c2ccc(Cl)cc2Cl)n2nc(CCCO)nc2N1
P7114510205,3,5,5,6.000000000000000e-001,3,1.061000000000000e+002,,<rdkit.Chem.rdchem.Mol object at 0x000001B74F0D74B0>,,CC1=C(C(N)=O)C(c2ccccc2F)n2nc(CCCO)nc2N1
P7113250022,1,5,5,1.600000000000000e+000,1,1.194000000000000e+002,,<rdkit.Chem.rdchem.Mol object at 0x000001B74F0D7510>,,O=C(O)CS(=O)c1ccc(C(F)(F)F)cc1[N+](=O)[O-]
P7111610067,1,3,3,4.400000000000000e+000,3,6.189999999999999e+001,,<rdkit.Chem.rdchem.Mol object at 0x000001B74F0D7570>,,N#Cc1nc(-c2ccc(Cl)cc2)oc1NC1CCCCC1
P7111610066,1,3,3,4.200000000000000e+000,3,6.189999999999999e+001,,<rdkit.Chem.rdchem.Mol object at 0x000001B74F0D75D0>,,Cc1ccc(-c2nc(C#N)c(NC3CCCCC3)o2)cc1
P7111610064,1,3,3,3.800000000000000e+000,3,6.189999999999999e+001,,<rdkit.Chem.rdchem.Mol object at 0x000001B74F0D7630>,,N#Cc1nc(-c2ccccc2)oc1NC1CCCCC1
P7110952686,2,4,3,2.800000000000000e+000,3,5.070000000000000e+001,,<rdkit.Chem.rdchem.Mol object at 0x000001B74F0D7690>,,COc1cc2c(cc1OC)C(c1ccc(O)cc1)NCC2
P7110940339,1,6,5,3.400000000000000e+000,2,9.760000000000002e+001,,<rdkit.Chem.rdchem.Mol object at 0x000001B74F0D76F0>,,COc1ccc(C(=O)CSc2nc(C)cc(O)n2)cc1C
P7110940319,1,7,5,3.800000000000000e+000,3,1.105000000000000e+002,,<rdkit.Chem.rdchem.Mol object at 0x000001B74F0D7750>,,COc1ccc(C(=O)CSc2nc(O)c3c(C)cc(C)nc3n2)cc1
P7110320053,0,5,4,3.300000000000000e+000,4,1.144000000000000e+002,,<rdkit.Chem.rdchem.Mol object at 0x000001B74F0D77B0>,,Cc1csc2nc(CSc3nnnn3-c3ccccc3)c(Br)n12
P7020721869,1,5,5,4.100000000000000e+000,4,9.750000000000000e+001,,<rdkit.Chem.rdchem.Mol object at 0x000001B74F0D7810>,,Cc1ccc(NC(=O)CSc2nnc3cc(-c4ccccc4)nc(C)n23)cc1
P7020720954,1,3,2,2.800000000000000e+000,3,3.780000000000000e+001,,<rdkit.Chem.rdchem.Mol object at 0x000001B74F0D7870>,,Cc1nc2c(c(NC3CCCCC3)n1)CCC2
P7020720953,1,3,2,2.400000000000000e+000,2,3.780000000000000e+001,,<rdkit.Chem.rdchem.Mol object at 0x000001B74F0D78D0>,HCl,Cc1cc(NC2CCCCC2)ncn1.Cl
P7020720938,1,7,7,2.200000000000000e+000,2,1.023000000000000e+002,,<rdkit.Chem.rdchem.Mol object at 0x000001B74F0D7930>,HCl,CCOC(=O)c1cnc(SC)nc1NCc1ccccn1.Cl
P7020632942,2,5,4,4.200000000000000e+000,4,1.034000000000000e+002,,<rdkit.Chem.rdchem.Mol object at 0x000001B74F0D7990>,,Cc1ccc(-c2csc3ncnc(Nc4cccc(C(=O)O)c4)c23)cc1
P7020600813,1,6,6,2.000000000000000e+000,2,1.063000000000000e+002,,<rdkit.Chem.rdchem.Mol object at 0x000001B74F0D79F0>,,C=CCNC1CS(=O)(=O)CC1S(=O)(=O)c1cc(C)c(OC)cc1C
P7020600746,1,6,6,3.000000000000000e+000,3,1.063000000000000e+002,,<rdkit.Chem.rdchem.Mol object at 0x000001B74F0D7A50>,,COc1ccc(C)cc1S(=O)(=O)C1CS(=O)(=O)CC1NCc1ccccc1C
P7020580497,1,5,4,4.200000000000000e+000,3,8.690000000000001e+001,,<rdkit.Chem.rdchem.Mol object at 0x000001B74F0D7AB0>,,CSc1nc(NC2CCCC2)c(C#N)c(-c2ccccc2)n1
P7020580396,1,7,4,2.800000000000000e+000,3,1.294000000000000e+002,,<rdkit.Chem.rdchem.Mol object at 0x000001B74F0D7B10>,,CSc1nc(NC2CCS(=O)(=O)C2)c(C#N)c(-c2ccc(C)cc2)n1
P7020580394,2,6,6,3.800000000000000e+000,2,1.071000000000000e+002,,<rdkit.Chem.rdchem.Mol object at 0x000001B74F0D7B70>,,CCC(CO)Nc1nc(SC)nc(-c2ccc(Cl)cc2)c1C#N
P7020580292,2,6,7,4.600000000000000e+000,2,1.071000000000000e+002,,<rdkit.Chem.rdchem.Mol object at 0x000001B74F0D7BD0>,,CCC(CO)Nc1nc(SC)nc(-c2ccc(C(C)(C)C)cc2)c1C#N
P7020580273,2,6,6,4.100000000000000e+000,2,1.071000000000000e+002,,<rdkit.Chem.rdchem.Mol object at 0x000001B74F0D7C30>,,CSc1nc(NCC(C)O)c(C#N)c(-c2ccc(C(C)(C)C)cc2)n1
P7020580149,1,5,6,1.400000000000000e+000,3,1.090000000000000e+002,,<rdkit.Chem.rdchem.Mol object at 0x000001B74F0D7C90>,,C=CCN1C(=O)COc2ccc(-c3nc(NC(=O)COC)sc3C)cc21
P7020580141,1,4,4,1.700000000000000e+000,3,9.980000000000001e+001,,<rdkit.Chem.rdchem.Mol object at 0x000001B74F0D7CF0>,,C=CCN1C(=O)COc2ccc(-c3nc(NC(C)=O)sc3C)cc21
P7020570032,2,8,6,1.500000000000000e+000,2,1.318000000000000e+002,,<rdkit.Chem.rdchem.Mol object at 0x000001B74F0D7D50>,,COc1ccc(NC(=O)CSc2cnnc(O)n2)cc1OC
P7020570026,3,8,5,3.000000000000000e-001,2,1.818000000000000e+002,,<rdkit.Chem.rdchem.Mol object at 0x000001B74F0D7DB0>,,NS(=O)(=O)c1ccc(NC(=O)CSc2cnnc(O)n2)cc1
P7020570014,2,9,7,1.600000000000000e+000,2,1.807000000000000e+002,,<rdkit.Chem.rdchem.Mol object at 0x000001B74F0D7E10>,,CCOC(=O)c1sc(NC(=O)CSc2nc(O)nnc2C)nc1C
P7020531189,1,4,3,2.900000000000000e+000,4,8.780000000000000e+001,,<rdkit.Chem.rdchem.Mol object at 0x000001B74F0D7E70>,,CC(=O)Nc1ccc(S(=O)(=O)N2CCc3cc4cccc(C)c4nc32)cc1
P7020531174,0,4,3,4.800000000000000e+000,4,6.790000000000001e+001,,<rdkit.Chem.rdchem.Mol object at 0x000001B74F0D7ED0>,,COc1cc(C)c(C)cc1S(=O)(=O)N1CCc2cc3cccc(C)c3nc21
P7020531170,0,5,4,3.800000000000000e+000,4,7.709999999999999e+001,,<rdkit.Chem.rdchem.Mol object at 0x000001B74F0D7F30>,,COc1ccc(S(=O)(=O)N2CCc3cc4cccc(C)c4nc32)c(OC)c1
P7020531161,0,3,3,5.000000000000000e+000,4,5.870000000000000e+001,,<rdkit.Chem.rdchem.Mol object at 0x000001B74F0D7F90>,,Cc1cccc2cc3c(nc12)N(S(=O)(=O)c1ccc(C(C)C)cc1)CC3
P7020531123,0,3,2,4.100000000000000e+000,4,4.240000000000001e+001,,<rdkit.Chem.rdchem.Mol object at 0x000001B74F0E4030>,,COc1ccc(C(=O)N2CCc3cc4cccc(C)c4nc32)cc1
P7020530855,0,3,3,4.000000000000000e+000,4,5.870000000000000e+001,,<rdkit.Chem.rdchem.Mol object at 0x000001B74F0E4090>,,O=S(=O)(Cc1ccc(Cl)cc1)N1CCc2cc3ccccc3nc21
P7020526960,2,6,7,2.100000000000000e+000,2,1.133000000000000e+002,,<rdkit.Chem.rdchem.Mol object at 0x000001B74F0E40F0>,,COC(=O)c1ccc(CSc2nc(C)c(CCO)c(=O)[nH]2)cc1
P7020526917,3,7,7,6.000000000000000e-001,2,1.743000000000000e+002,,<rdkit.Chem.rdchem.Mol object at 0x000001B74F0E4150>,,CC(=O)c1sc(NC(=O)CSc2nc(C)c(CCO)c(=O)[nH]2)nc1C
P7020460236,1,4,3,1.400000000000000e+000,3,9.980000000000001e+001,,<rdkit.Chem.rdchem.Mol object at 0x000001B74F0E41B0>,,CCN1C(=O)COc2ccc(-c3nc(NC(C)=O)sc3C)cc21
P7020402297,0,3,4,3.200000000000000e+000,2,6.740000000000001e+001,,<rdkit.Chem.rdchem.Mol object at 0x000001B74F0E4210>,,CCOC(=O)c1sc(-c2ccc(F)cc2)nc1C
P7020370080,3,5,3,4.800000000000000e+000,3,8.250000000000000e+001,,<rdkit.Chem.rdchem.Mol object at 0x000001B74F0E4270>,HCl,Cc1ccc(O)c(Nc2c(C(=O)O)cnc3c(C)cc(C)cc23)c1.Cl
P7020370046,2,4,4,5.000000000000000e+000,3,6.220000000000000e+001,,<rdkit.Chem.rdchem.Mol object at 0x000001B74F0E42D0>,HCl,Cc1cccc2c(Nc3cccc(C(F)(F)F)c3)c(C(=O)O)cnc12.Cl
P7020370015,3,5,4,2.200000000000000e+000,3,8.250000000000000e+001,,<rdkit.Chem.rdchem.Mol object at 0x000001B74F0E4330>,HCl,Cl.O=C(O)c1cnc2c(ccc3ccccc32)c1NCCO
P7020160690,2,6,7,3.700000000000000e+000,2,1.071000000000000e+002,,<rdkit.Chem.rdchem.Mol object at 0x000001B74F0E4390>,,CSc1nc(NCCCO)c(C#N)c(-c2ccc(C(C)(C)C)cc2)n1
P7020160689,2,6,6,3.700000000000000e+000,2,1.071000000000000e+002,,<rdkit.Chem.rdchem.Mol object at 0x000001B74F0E43F0>,,CSc1nc(NCCO)c(C#N)c(-c2ccc(C(C)(C)C)cc2)n1
P7020141026,0,4,4,4.900000000000000e+000,5,8.570000000000000e+001,,<rdkit.Chem.rdchem.Mol object at 0x000001B74F0E4450>,,O=C(CSc1nnc2ccc3ccccc3n12)c1cc2ccccc2o1
P7020140886,1,5,5,3.600000000000000e+000,4,9.750000000000000e+001,,<rdkit.Chem.rdchem.Mol object at 0x000001B74F0E44B0>,,O=C(CSc1nnc2cc(-c3ccccc3)ncn12)Nc1ccccc1
P7019081259,3,6,5,5.000000000000000e-001,2,9.530000000000000e+001,,<rdkit.Chem.rdchem.Mol object at 0x000001B74F0E4510>,,O=C(O)c1nc(NCCCO)c2ccccc2n1
P7019081257,2,5,3,2.900000000000000e+000,3,7.509999999999999e+001,,<rdkit.Chem.rdchem.Mol object at 0x000001B74F0E4570>,,O=C(O)c1nc(NC2CCCCC2)c2ccccc2n1
P7019080356,2,5,3,2.700000000000000e+000,3,7.509999999999999e+001,,<rdkit.Chem.rdchem.Mol object at 0x000001B74F0E45D0>,HCl,Cl.O=C(O)c1ccc2c(NC3CCCC3)ncnc2c1
P7018850983,0,1,2,4.500000000000000e+000,4,1.730000000000000e+001,,<rdkit.Chem.rdchem.Mol object at 0x000001B74F0E4630>,,Cc1ccn2cc(-c3ccc(-c4ccccc4)cc3)nc2c1
P7018810807,2,6,5,2.000000000000000e+000,2,1.133000000000000e+002,,<rdkit.Chem.rdchem.Mol object at 0x000001B74F0E4690>,,CC(NC(=O)CSc1cnnc(O)n1)c1ccccc1
P7018810761,2,6,4,2.600000000000000e+000,2,1.133000000000000e+002,,<rdkit.Chem.rdchem.Mol object at 0x000001B74F0E46F0>,,Cc1ccc(NC(=O)CSc2cnnc(O)n2)cc1C
P7018810579,2,6,5,3.500000000000000e+000,2,1.133000000000000e+002,,<rdkit.Chem.rdchem.Mol object at 0x000001B74F0E4750>,,Cc1nnc(O)nc1SCC(=O)Nc1cc(C(F)(F)F)ccc1Cl
P7018810566,2,6,5,1.100000000000000e+000,2,1.264000000000000e+002,,<rdkit.Chem.rdchem.Mol object at 0x000001B74F0E47B0>,,Cc1nnc(O)nc1SCC(=O)NCc1ccco1
P7018810551,2,8,8,2.600000000000000e+000,2,1.396000000000000e+002,,<rdkit.Chem.rdchem.Mol object at 0x000001B74F0E4810>,,CCCOC(=O)c1ccc(NC(=O)CSc2nc(O)nnc2C)cc1
P7018810424,2,9,6,6.000000000000000e-001,3,1.132000000000000e+002,,<rdkit.Chem.rdchem.Mol object at 0x000001B74F0E4870>,,Cc1nnc(N/N=C/c2ccncc2)nc1N/N=C/c1ccncc1
P7018801347,2,4,2,7.000000000000000e-001,2,6.580000000000000e+001,,<rdkit.Chem.rdchem.Mol object at 0x000001B74F0E48D0>,,O=c1cnnc(NC2CCCC2)[nH]1
P7018790057,2,5,6,5.000000000000000e+000,4,1.162000000000000e+002,,<rdkit.Chem.rdchem.Mol object at 0x000001B74F0E4930>,,CCCc1cc(=O)n2c(C(=O)Nc3cccc(C)c3)c(C(=O)Nc3ccc(Cl)cc3C)sc2n1
P7018771476,0,4,4,4.900000000000000e+000,5,5.700000000000000e+001,,<rdkit.Chem.rdchem.Mol object at 0x000001B74F0E4990>,,COc1ccc(C(=O)Cn2c3ccccc3c3nc4ccccc4nc32)cc1
P7018720325,1,3,4,4.800000000000000e+000,4,9.000000000000000e+001,,<rdkit.Chem.rdchem.Mol object at 0x000001B74F0E49F0>,,Cc1ccc(Cl)cc1NC(=O)C(C)n1cnc2sc(-c3ccccc3)cc2c1=O
P7018670048,1,3,2,4.300000000000000e+000,3,3.780000000000000e+001,,<rdkit.Chem.rdchem.Mol object at 0x000001B74F0E4A50>,,Brc1ccc2ncnc(NC3CCCCCC3)c2c1
P7018655636,0,1,1,2.700000000000000e+000,3,1.730000000000000e+001,,<rdkit.Chem.rdchem.Mol object at 0x000001B74F0E4AB0>,,Fc1ccc(-c2cn3ccccc3n2)cc1
P7017670004,1,3,2,3.400000000000000e+000,3,3.780000000000000e+001,,<rdkit.Chem.rdchem.Mol object at 0x000001B74F0E4B10>,,Brc1ccc2ncnc(NC3CCCC3)c2c1
P7017670003,1,3,2,3.600000000000000e+000,3,3.780000000000000e+001,,<rdkit.Chem.rdchem.Mol object at 0x000001B74F0E4B70>,,c1ccc2c(NC3CCCCCC3)ncnc2c1
P7017550383,3,5,4,2.400000000000000e+000,2,8.250000000000000e+001,,<rdkit.Chem.rdchem.Mol object at 0x000001B74F0E4BD0>,HCl,Cc1c(Cl)ccc2c(NCCO)c(C(=O)O)cnc12.Cl
P7017550367,2,6,5,4.700000000000000e+000,3,8.070000000000000e+001,,<rdkit.Chem.rdchem.Mol object at 0x000001B74F0E4C30>,HCl,COc1ccc(Nc2c(C(=O)O)cnc3c(C)c(Cl)ccc23)c(OC)c1.Cl
P7016390396,2,6,8,1.500000000000000e+000,3,1.516000000000000e+002,,<rdkit.Chem.rdchem.Mol object at 0x000001B74F0E4C90>,,COc1ccc(CCNC(=O)Cn2cnc3sc(C(N)=O)c(C)c3c2=O)cc1OC
P7016350283,1,3,2,4.500000000000000e+000,4,3.640000000000000e+001,,<rdkit.Chem.rdchem.Mol object at 0x000001B74F0E4CF0>,,Cc1nc2ccc(Br)cc2c(O)c1CN1CCc2ccccc2C1
P7016350264,1,3,2,3.800000000000000e+000,4,3.640000000000000e+001,,<rdkit.Chem.rdchem.Mol object at 0x000001B74F0E4D50>,,Cc1nc2ccccc2c(O)c1CN1CCc2ccccc2C1
P7016350044,1,5,6,3.300000000000000e+000,3,4.280000000000000e+001,,<rdkit.Chem.rdchem.Mol object at 0x000001B74F0E4DB0>,,CCN1CCN(Cc2c(C)nc3ccc(N(CC)CC)cc3c2O)CC1
P7016350006,1,3,2,4.000000000000000e+000,4,3.640000000000000e+001,,<rdkit.Chem.rdchem.Mol object at 0x000001B74F0E4E10>,,Cc1nc2ccc(F)cc2c(O)c1CN1CCc2ccccc2C1
P7016270351,0,3,5,4.200000000000000e+000,4,7.009999999999999e+001,,<rdkit.Chem.rdchem.Mol object at 0x000001B74F0E4E70>,,O=c1c2cc(-c3ccccc3)sc2ncn1CCOc1ccccc1
P7016270226,1,3,5,4.800000000000000e+000,4,9.000000000000000e+001,,<rdkit.Chem.rdchem.Mol object at 0x000001B74F0E4ED0>,,O=C(Cn1cnc2sc(-c3ccccc3)cc2c1=O)Nc1cc(C(F)(F)F)ccc1Cl
P7016270205,1,3,4,3.200000000000000e+000,4,9.000000000000000e+001,,<rdkit.Chem.rdchem.Mol object at 0x000001B74F0E4F30>,,O=C(Cn1cnc2sc(-c3ccccc3)cc2c1=O)Nc1ccccc1
P7016270204,1,3,5,2.400000000000000e+000,4,1.032000000000000e+002,,<rdkit.Chem.rdchem.Mol object at 0x000001B74F0E4F90>,,O=C(Cn1cnc2sc(-c3ccccc3)cc2c1=O)NCc1ccco1
P7016000361,4,8,6,1.800000000000000e+000,3,1.856000000000000e+002,,<rdkit.Chem.rdchem.Mol object at 0x000001B74F0BBBD0>,,Nc1cc(=O)[nH]c(SCc2ccccc2CSc2nc(N)cc(=O)[nH]2)n1
P7015880278,0,6,7,3.000000000000000e+000,3,1.088000000000000e+002,,<rdkit.Chem.rdchem.Mol object at 0x000001B74F0BBE70>,,COCCOC(=O)Cn1nnc2sc(-c3ccccc3)cc2c1=O
P7015870187,1,4,6,4.400000000000000e+000,4,1.024000000000000e+002,,<rdkit.Chem.rdchem.Mol object at 0x000001B74F0BBDB0>,,O=C(Cn1nnc2sc(-c3ccccc3)cc2c1=O)NCCc1ccccc1
P7015870153,1,4,5,4.100000000000000e+000,4,1.024000000000000e+002,,<rdkit.Chem.rdchem.Mol object at 0x000001B74F0BBCF0>,,O=C(Cn1nnc2sc(-c3ccccc3)cc2c1=O)NCc1ccccc1
P7015870152,1,4,4,4.100000000000000e+000,4,1.024000000000000e+002,,<rdkit.Chem.rdchem.Mol object at 0x000001B74F0BBED0>,,O=C(Cn1nnc2sc(-c3ccccc3)cc2c1=O)Nc1ccccc1
P7015870151,1,4,5,3.300000000000000e+000,4,1.155000000000000e+002,,<rdkit.Chem.rdchem.Mol object at 0x000001B74F0BBE10>,,O=C(Cn1nnc2sc(-c3ccccc3)cc2c1=O)NCc1ccco1
P7015810026,2,4,5,3.400000000000000e+000,5,9.900000000000000e+001,,<rdkit.Chem.rdchem.Mol object at 0x000001B74D02EBD0>,,Nc1c(C(=O)NCc2ccccc2)c2nc3ccccc3nc2n1Cc1ccco1
P7015550286,1,3,2,2.700000000000000e+000,2,3.780000000000000e+001,,<rdkit.Chem.rdchem.Mol object at 0x000001B74D02EAB0>,HCl,Cc1cc(C)nc(NC2CCCCC2)n1.Cl
P7015070029,4,6,6,-5.000000000000000e-001,2,1.074000000000000e+002,,<rdkit.Chem.rdchem.Mol object at 0x000001B74E080030>,,O=C(NCCO)c1nc(NCCO)c2ccccc2n1
P7015070024,2,4,6,3.700000000000000e+000,4,6.690000000000001e+001,,<rdkit.Chem.rdchem.Mol object at 0x000001B74E080090>,,O=C(NCc1ccccc1)c1nc(NCc2ccccc2)c2ccccc2n1
P7015070001,2,4,4,3.700000000000000e+000,4,6.690000000000001e+001,,<rdkit.Chem.rdchem.Mol object at 0x000001B74E0800F0>,,O=C(Nc1ccccc1)c1nc(Nc2ccccc2)c2ccccc2n1
P7014650202,1,4,6,4.600000000000000e+000,3,5.119999999999999e+001,,<rdkit.Chem.rdchem.Mol object at 0x000001B74E080150>,,CCOC(=O)c1cnc2c(C)c(C)ccc2c1NCc1ccccc1
P7014320479,2,4,4,4.200000000000000e+000,5,9.470000000000000e+001,,<rdkit.Chem.rdchem.Mol object at 0x000001B74E0801B0>,,CC1CCc2c(sc3ncnc(NCCc4nc5ccccc5[nH]4)c23)C1
P7014320060,1,6,6,3.500000000000000e+000,3,1.016000000000000e+002,,<rdkit.Chem.rdchem.Mol object at 0x000001B74E080210>,,CCOC(=O)c1sc2ncnc(Nc3ccc(OC)cc3)c2c1C
P7014260781,0,6,6,4.300000000000000e+000,3,7.109999999999998e+001,,<rdkit.Chem.rdchem.Mol object at 0x000001B74E080270>,,COC(=O)C(C)Oc1ccc2c(=O)c(Oc3cc(C)cc(C)c3C)coc2c1
P7013990087,1,5,6,2.600000000000000e+000,3,1.163000000000000e+002,,<rdkit.Chem.rdchem.Mol object at 0x000001B74E0802D0>,,CCOC(=O)c1sc2ncn(CC(=O)NC3CCCCC3)c(=O)c2c1C
P7013990076,1,3,4,3.500000000000000e+000,4,9.000000000000000e+001,,<rdkit.Chem.rdchem.Mol object at 0x000001B74E080330>,,O=C(Cn1cnc2sc(-c3ccccc3)cc2c1=O)NC1CCCCC1
P7013980245,1,6,9,4.100000000000000e+000,3,6.970000000000000e+001,,<rdkit.Chem.rdchem.Mol object at 0x000001B74E080390>,,CCOC(=O)c1cnc2ccc(F)cc2c1NCCc1ccc(OC)c(OC)c1
P7013980235,1,5,6,3.700000000000000e+000,3,6.830000000000000e+001,,<rdkit.Chem.rdchem.Mol object at 0x000001B74E0803F0>,,CCOC(=O)c1cnc2ccc(F)cc2c1Nc1ccc(C(C)=O)cc1
P7013980184,1,5,6,2.700000000000000e+000,3,6.409999999999999e+001,,<rdkit.Chem.rdchem.Mol object at 0x000001B74E080450>,,CCOC(=O)c1cnc2ccc(F)cc2c1NCc1cccnc1
P7013980091,1,6,7,3.900000000000000e+000,3,7.330000000000000e+001,,<rdkit.Chem.rdchem.Mol object at 0x000001B74E0804B0>,,CCOC(=O)c1nc(Nc2ccc(OC(C)C)cc2)c2ccccc2n1
P7013980068,1,5,5,3.900000000000000e+000,3,6.409999999999999e+001,,<rdkit.Chem.rdchem.Mol object at 0x000001B74E080510>,,CCOC(=O)c1nc(Nc2ccc(Br)cc2)c2ccccc2n1
P7013980006,1,5,5,3.600000000000000e+000,3,6.409999999999999e+001,,<rdkit.Chem.rdchem.Mol object at 0x000001B74E080570>,,CCOC(=O)c1nc(Nc2ccc(C)cc2)c2ccccc2n1
P7013870443,2,5,5,4.900000000000000e+000,3,7.150000000000000e+001,,<rdkit.Chem.rdchem.Mol object at 0x000001B74E0805D0>,,CCOC(=O)c1cnc2ccc(Cl)cc2c1Nc1cc(Cl)ccc1O
P7013870150,3,6,4,1.500000000000000e+000,2,9.530000000000000e+001,,<rdkit.Chem.rdchem.Mol object at 0x000001B74E080630>,,CC(O)C(Nc1ncnc2ccc(Br)cc12)C(=O)O
P7013831110,1,4,6,3.500000000000000e+000,4,9.920000000000000e+001,,<rdkit.Chem.rdchem.Mol object at 0x000001B74E080690>,,CCOc1ccccc1NC(=O)Cn1cnc2sc(-c3ccccc3)cc2c1=O
P7013830872,0,4,4,3.600000000000000e+000,3,8.719999999999999e+001,,<rdkit.Chem.rdchem.Mol object at 0x000001B74E0806F0>,,COC(=O)c1sc2ncn(Cc3cccc(Cl)c3)c(=O)c2c1C
P7013830868,0,4,4,3.400000000000000e+000,3,8.719999999999999e+001,,<rdkit.Chem.rdchem.Mol object at 0x000001B74E080750>,,COC(=O)c1sc2ncn(Cc3cccc(C)c3)c(=O)c2c1C
P7013830795,1,5,6,3.500000000000000e+000,3,1.163000000000000e+002,,<rdkit.Chem.rdchem.Mol object at 0x000001B74E0807B0>,,CCOC(=O)c1sc2ncn(CC(=O)Nc3ccc(Cl)cc3C)c(=O)c2c1C
P7013830105,0,3,4,4.700000000000000e+000,3,7.930000000000001e+001,,<rdkit.Chem.rdchem.Mol object at 0x000001B74E080810>,,Cc1sc2ncnc(SCCc3ccccc3)c2c1C
P7013830022,0,4,3,3.900000000000000e+000,3,9.640000000000001e+001,,<rdkit.Chem.rdchem.Mol object at 0x000001B74E080870>,,CC(=O)C(C)Sc1ncnc2sc3c(c12)CCC(C)C3
P7013170379,1,5,6,3.100000000000000e+000,2,9.180000000000000e+001,,<rdkit.Chem.rdchem.Mol object at 0x000001B74E0808D0>,,CCOC(=O)c1csc(N/N=C/c2ccc(Cl)cc2)n1
P7013170283,0,3,1,4.700000000000000e+000,5,8.290000000000001e+001,,<rdkit.Chem.rdchem.Mol object at 0x000001B74E080930>,,O=C1c2sc3nc4ccccc4n3c2C(=O)N1c1cc(Cl)ccc1Cl
P7013110106,2,8,5,-1.000000000000000e-001,2,1.641000000000000e+002,,<rdkit.Chem.rdchem.Mol object at 0x000001B74E080990>,,Cc1nnc(SCCSc2nnc(C)n2N)n1N
P7013060654,1,6,9,4.900000000000000e+000,4,7.750000000000000e+001,,<rdkit.Chem.rdchem.Mol object at 0x000001B74E0809F0>,,CCOC(=O)c1cnc2c(ccc3ccccc32)c1NCCOC(=O)c1ccc(C)cc1
P7013060595,1,3,2,4.000000000000000e+000,3,3.640000000000000e+001,,<rdkit.Chem.rdchem.Mol object at 0x000001B74E080A50>,,Cc1nc2ccc(Br)cc2c(O)c1CN1CCC(C)CC1
P7013060457,2,7,8,1.300000000000000e+000,2,9.780000000000000e+001,,<rdkit.Chem.rdchem.Mol object at 0x000001B74E080AB0>,,CCOC(=O)c1cnc2ccc(C(=O)OC)cc2c1NCCO
P7013060067,1,3,3,4.000000000000000e+000,3,3.780000000000000e+001,,<rdkit.Chem.rdchem.Mol object at 0x000001B74E080B10>,,CC(Nc1ncnc2ccc(Br)cc12)c1ccccc1
P7013060064,2,4,6,2.600000000000000e+000,2,5.800000000000000e+001,,<rdkit.Chem.rdchem.Mol object at 0x000001B74E080B70>,,OCCCCCNc1ncnc2ccc(Br)cc12
P7013050359,0,3,3,4.800000000000000e+000,5,7.130000000000000e+001,,<rdkit.Chem.rdchem.Mol object at 0x000001B74E080BD0>,,CC1CCc2c(sc3ncn4c(CCc5ccccc5)nnc4c23)C1
P7013050280,1,4,6,2.100000000000000e+000,4,1.124000000000000e+002,,<rdkit.Chem.rdchem.Mol object at 0x000001B74E080C30>,,COc1ccc(-c2csc3ncn(CC(=O)NCc4ccco4)c(=O)c23)cc1
P7013050059,0,4,5,4.600000000000000e+000,3,8.719999999999999e+001,,<rdkit.Chem.rdchem.Mol object at 0x000001B74E080C90>,,CCOC(=O)c1sc2ncn(Cc3ccc(Cl)cc3Cl)c(=O)c2c1C
P7012340044,0,4,6,4.000000000000000e+000,3,8.719999999999999e+001,,<rdkit.Chem.rdchem.Mol object at 0x000001B74E080CF0>,,CCC(C)OC(=O)C(C)n1cnc2sc(-c3ccccc3)cc2c1=O
P7012270881,0,4,3,4.100000000000000e+000,4,3.230000000000000e+001,,<rdkit.Chem.rdchem.Mol object at 0x000001B74E080D50>,HCl,Cc1cccc(-c2nc(N(C)C3CCN(C)CC3)c3ccccc3n2)c1.Cl
P7012120302,1,6,7,4.700000000000000e+000,3,6.970000000000000e+001,,<rdkit.Chem.rdchem.Mol object at 0x000001B74E080DB0>,,CCOC(=O)c1cnc2c(C)cc(C)cc2c1Nc1ccc(OC)c(OC)c1
P7011830192,1,4,3,4.200000000000000e+000,4,3.960000000000000e+001,,<rdkit.Chem.rdchem.Mol object at 0x000001B74E080E10>,,Cc1ccc2nc(-c3ccccc3)c(CN3CCN(C)CC3)c(O)c2c1
P7011830191,1,4,3,4.000000000000000e+000,4,4.559999999999999e+001,,<rdkit.Chem.rdchem.Mol object at 0x000001B74E080E70>,,Cc1ccc2nc(-c3ccccc3)c(CN3CCOCC3)c(O)c2c1
P7011520030,1,5,4,4.700000000000000e+000,4,8.300000000000000e+001,,<rdkit.Chem.rdchem.Mol object at 0x000001B74E080ED0>,,CCOC(=O)c1c(N)n(-c2ccc(C)c(Cl)c2)c2nc3ccccc3nc12
P7011460527,0,4,4,4.200000000000000e+000,4,1.095000000000000e+002,,<rdkit.Chem.rdchem.Mol object at 0x000001B74E080F30>,,O=C(CSc1ncnc2sc3c(c12)CCCC3)c1ccco1
P7011460525,0,4,3,3.400000000000000e+000,4,6.050000000000000e+001,,<rdkit.Chem.rdchem.Mol object at 0x000001B74E080F90>,,Cc1sc2ncnc(N3CCN(Cc4ccccc4)CC3)c2c1C
P7011460427,1,4,4,3.200000000000000e+000,2,6.440000000000001e+001,,<rdkit.Chem.rdchem.Mol object at 0x000001B74E097030>,,CCOC(=O)c1nn(-c2ccc(Br)cc2)cc1O
P7011460421,1,4,4,3.100000000000000e+000,2,6.440000000000001e+001,,<rdkit.Chem.rdchem.Mol object at 0x000001B74E097090>,,CCOC(=O)c1nn(-c2ccc(Cl)cc2)cc1O
P7010590268,2,5,3,1.700000000000000e+000,2,8.330000000000000e+001,,<rdkit.Chem.rdchem.Mol object at 0x000001B74E0970F0>,,O=C(O)CCc1nc2ccccc2nc1O
P7010590193,1,3,4,3.800000000000000e+000,3,4.940000000000001e+001,,<rdkit.Chem.rdchem.Mol object at 0x000001B74E097150>,,O=C1C(Cl)=C(NC2CCCCC2)C(=O)N1c1cccc(C(F)(F)F)c1
P7010260099,1,4,7,4.400000000000000e+000,3,5.119999999999999e+001,,<rdkit.Chem.rdchem.Mol object at 0x000001B74E0971B0>,,CCOC(=O)c1cnc2ccc(C)cc2c1NCCc1ccccc1
P7010170647,1,4,7,4.600000000000000e+000,3,9.290000000000001e+001,,<rdkit.Chem.rdchem.Mol object at 0x000001B74E097210>,,CCOC(=O)c1c(NC(=O)COc2ccccc2Br)sc2c1CCCC2
P7010160092,1,5,6,3.400000000000000e+000,4,6.409999999999999e+001,,<rdkit.Chem.rdchem.Mol object at 0x000001B74E097270>,,CCOC(=O)c1cnc2c(ccc3ccccc32)c1NCc1cccnc1
P7010086,1,4,2,3.900000000000000e+000,5,8.310000000000002e+001,,<rdkit.Chem.rdchem.Mol object at 0x000001B74E0972D0>,,Cn1c(=O)c2c(nc3n(-c4ccccc4)c(-c4ccc(O)c(Cl)c4)cn23)n(C)c1=O
P7010010136,1,3,2,3.900000000000000e+000,3,3.780000000000000e+001,,<rdkit.Chem.rdchem.Mol object at 0x000001B74E097330>,,Brc1ccc2ncnc(NC3CCCCC3)c2c1
P7010000352,1,3,4,3.000000000000000e+000,2,6.550000000000000e+001,,<rdkit.Chem.rdchem.Mol object at 0x000001B74E097390>,,Cc1csc(N/N=C/c2ccc(C(F)(F)F)cc2)n1
P7009841,1,4,7,2.400000000000000e+000,4,7.590000000000001e+001,,<rdkit.Chem.rdchem.Mol object at 0x000001B74E0973F0>,,COCCCn1c(C(=O)NCc2ccccc2Cl)cc2c(=O)n3ccccc3nc21
P7009635,1,5,2,4.200000000000000e+000,5,8.110000000000001e+001,,<rdkit.Chem.rdchem.Mol object at 0x000001B74E097450>,,Cc1ccc(Cl)cc1-n1ncc2c1ncn1c(-c3ccccc3O)nnc21
P7009630,0,4,2,4.400000000000000e+000,5,6.090000000000000e+001,,<rdkit.Chem.rdchem.Mol object at 0x000001B74E0974B0>,,Cc1ccc(-c2nnc3c4cnn(-c5ccccc5Cl)c4ncn23)cc1
P7009593,1,5,2,3.500000000000000e+000,5,8.110000000000001e+001,,<rdkit.Chem.rdchem.Mol object at 0x000001B74E097510>,,Cc1ccccc1-n1ncc2c1ncn1c(-c3ccccc3O)nnc21
P7009589,1,6,3,3.500000000000000e+000,5,9.040000000000001e+001,,<rdkit.Chem.rdchem.Mol object at 0x000001B74E097570>,,COc1ccc(-c2nnc3c4cnn(-c5ccccc5C)c4ncn23)c(O)c1
P7009585,0,6,3,4.100000000000000e+000,5,1.067000000000000e+002,,<rdkit.Chem.rdchem.Mol object at 0x000001B74E0975D0>,,Cc1ccc(-n2ncc3c2ncn2c(-c4cccc([N+](=O)[O-])c4)nnc32)c(C)c1
P7009583,0,4,2,4.900000000000000e+000,5,6.090000000000000e+001,,<rdkit.Chem.rdchem.Mol object at 0x000001B74E097630>,,Cc1ccc(-n2ncc3c2ncn2c(-c4ccccc4Cl)nnc32)c(C)c1
P7009576,1,5,2,4.100000000000000e+000,6,8.110000000000001e+001,,<rdkit.Chem.rdchem.Mol object at 0x000001B74E097690>,,Oc1cc2ccccc2cc1-c1nnc2c3cnn(-c4ccc(F)cc4)c3ncn12
P7009566,0,6,4,3.900000000000000e+000,5,7.940000000000001e+001,,<rdkit.Chem.rdchem.Mol object at 0x000001B74E0976F0>,,COc1ccc(-c2nnc3c4cnn(-c5ccc(Cl)cc5)c4ncn23)cc1OC
P7009537,0,4,2,4.900000000000000e+000,5,6.090000000000000e+001,,<rdkit.Chem.rdchem.Mol object at 0x000001B74E097750>,,Cc1ccc(-c2nnc3c4cnn(-c5ccc(C)c(Cl)c5)c4ncn23)cc1
P7009488,2,7,6,3.900000000000000e+000,5,8.229999999999998e+001,,<rdkit.Chem.rdchem.Mol object at 0x000001B74E0977B0>,,Cc1ccc(-n2ncc3c(NCCO)nc(N4CCN(c5ccccc5F)CC4)nc32)cc1
P7008860,1,4,8,4.400000000000000e+000,4,5.200000000000000e+001,,<rdkit.Chem.rdchem.Mol object at 0x000001B74E097810>,,CC(C)OCCCNc1ncnc2c1c(-c1ccccc1)cn2-c1ccccc1
P7008546,1,8,5,3.500000000000000e+000,5,7.930000000000001e+001,,<rdkit.Chem.rdchem.Mol object at 0x000001B74E097870>,,COc1ccc(Nc2nc(N3CCN(c4cccc(Cl)c4)CC3)nc3nccnc23)cc1
P7008545,1,8,5,2.800000000000000e+000,5,7.930000000000001e+001,,<rdkit.Chem.rdchem.Mol object at 0x000001B74E0978D0>,,COc1ccc(Nc2nc(N3CCN(c4ccccc4)CC3)nc3nccnc23)cc1
P7008543,2,6,4,3.600000000000000e+000,4,7.559999999999999e+001,,<rdkit.Chem.rdchem.Mol object at 0x000001B74E097930>,,Cc1ccc(Nc2nc(Nc3ccc(C)cc3)c3nccnc3n2)cc1
P7008541,3,9,6,2.000000000000000e-001,4,1.023000000000000e+002,,<rdkit.Chem.rdchem.Mol object at 0x000001B74E097990>,,OCCN1CCN(Nc2nc(Nc3ccccc3)c3nccnc3n2)CC1
P7008540,2,9,6,2.300000000000000e+000,5,9.129999999999998e+001,,<rdkit.Chem.rdchem.Mol object at 0x000001B74E0979F0>,,COc1ccccc1N1CCN(Nc2nc(Nc3ccccc3)c3nccnc3n2)CC1
P7008539,2,6,4,2.600000000000000e+000,4,7.559999999999999e+001,,<rdkit.Chem.rdchem.Mol object at 0x000001B74E097A50>,,c1ccc(Nc2nc(Nc3ccccc3)c3nccnc3n2)cc1
P7008535,2,7,6,1.600000000000000e+000,3,8.490000000000002e+001,,<rdkit.Chem.rdchem.Mol object at 0x000001B74E097AB0>,,COCCNc1nc(Nc2ccc(F)cc2)nc2nccnc12
P7008531,2,7,8,2.100000000000000e+000,3,8.490000000000002e+001,,<rdkit.Chem.rdchem.Mol object at 0x000001B74E097B10>,,COCCNc1nc(NCCC2=CCCCC2)nc2nccnc12
P7008530,2,7,8,1.700000000000000e+000,3,8.490000000000002e+001,,<rdkit.Chem.rdchem.Mol object at 0x000001B74E097B70>,,COCCNc1nc(NCCc2ccccc2)nc2nccnc12
P7008528,2,8,7,3.000000000000000e+000,4,9.410000000000002e+001,,<rdkit.Chem.rdchem.Mol object at 0x000001B74E097BD0>,,COc1ccc(Nc2nc(NCc3ccccc3)c3nccnc3n2)cc1OC
P7008527,2,9,8,3.000000000000000e+000,4,1.033000000000000e+002,,<rdkit.Chem.rdchem.Mol object at 0x000001B74E097C30>,,COc1cc(Nc2nc(NCc3ccccc3)c3nccnc3n2)cc(OC)c1OC
P7008526,1,7,6,3.200000000000000e+000,5,7.009999999999999e+001,,<rdkit.Chem.rdchem.Mol object at 0x000001B74E097C90>,,c1ccc(CNc2nc(N3CCN(Cc4ccccc4)CC3)nc3nccnc23)cc1
P7008523,1,10,6,1.500000000000000e+000,4,1.038000000000000e+002,,<rdkit.Chem.rdchem.Mol object at 0x000001B74E097CF0>,,COc1cc(Nc2nc(N3CCOCC3)c3nccnc3n2)cc(OC)c1OC
P7008447,1,7,6,2.700000000000000e+000,4,7.730000000000001e+001,,<rdkit.Chem.rdchem.Mol object at 0x000001B74E097D50>,,COc1ccc(CNc2nc(N3CCCC3)c3cnn(C)c3n2)cc1OC
P7008411,2,5,4,3.700000000000000e+000,4,6.770000000000000e+001,,<rdkit.Chem.rdchem.Mol object at 0x000001B74E097DB0>,,Cn1ncc2c(Nc3ccc(F)cc3)nc(NC3CCCC3)nc21
P7008407,2,5,4,4.100000000000000e+000,4,6.770000000000000e+001,,<rdkit.Chem.rdchem.Mol object at 0x000001B74E097E10>,,Cn1ncc2c(Nc3ccc(F)cc3)nc(NC3CCCCC3)nc21
P7008289,2,5,4,4.600000000000000e+000,4,6.770000000000000e+001,,<rdkit.Chem.rdchem.Mol object at 0x000001B74E097E70>,,Cn1ncc2c(Nc3ccc(Cl)cc3)nc(NC3CCCCC3)nc21
P7008252,2,5,4,4.600000000000000e+000,4,6.770000000000000e+001,,<rdkit.Chem.rdchem.Mol object at 0x000001B74E097ED0>,,Cn1ncc2c(Nc3cccc(Cl)c3)nc(NC3CCCCC3)nc21
P7007429,2,6,5,4.000000000000000e+000,4,9.400000000000000e+001,,<rdkit.Chem.rdchem.Mol object at 0x000001B74E097F30>,,COc1ccc(C(=O)NNc2ncnc3c2cnn3-c2ccc(C)cc2C)cc1
P7007352,1,6,4,3.200000000000000e+000,5,7.920000000000000e+001,,<rdkit.Chem.rdchem.Mol object at 0x000001B74E097F90>,,Cc1cccc(-n2ncc3c(Nc4c(C)n(C)n(-c5ccccc5)c4=O)ncnc32)c1
P7007247,0,5,4,4.900000000000000e+000,5,5.009999999999999e+001,,<rdkit.Chem.rdchem.Mol object at 0x000001B74E070030>,,Cc1ccc(-n2ncc3c(N4CCN(Cc5ccccc5)CC4)ncnc32)cc1C
P7007237,2,7,6,4.000000000000000e+000,4,1.032000000000000e+002,,<rdkit.Chem.rdchem.Mol object at 0x000001B74E070090>,,COc1ccc(C(=O)NNc2ncnc3c2cnn3-c2ccc(C)c(C)c2)cc1OC
P7007217,2,5,6,4.500000000000000e+000,4,8.470000000000000e+001,,<rdkit.Chem.rdchem.Mol object at 0x000001B74E0700F0>,,Cc1ccc(-n2ncc3c(NNC(=O)CCc4ccccc4)ncnc32)cc1C
P7007196,1,5,6,2.800000000000000e+000,4,7.350000000000000e+001,,<rdkit.Chem.rdchem.Mol object at 0x000001B74E070150>,,Cc1ccc(-n2ncc3c(NCCCn4ccnc4)ncnc32)cc1C
P7007152,1,6,7,4.100000000000000e+000,4,7.409999999999999e+001,,<rdkit.Chem.rdchem.Mol object at 0x000001B74E0701B0>,,COc1ccc(CCNc2ncnc3c2cnn3-c2ccc(F)cc2)cc1OC
P7007098,1,4,6,4.600000000000000e+000,4,5.559999999999999e+001,,<rdkit.Chem.rdchem.Mol object at 0x000001B74E070210>,,Fc1ccc(-n2ncc3c(NCCCc4ccccc4)ncnc32)cc1
P7007046,1,4,4,4.800000000000000e+000,4,5.559999999999999e+001,,<rdkit.Chem.rdchem.Mol object at 0x000001B74E070270>,,Cc1ccc(Cl)cc1-n1ncc2c(NCc3ccccc3)ncnc21
P7007011,2,5,5,4.600000000000000e+000,5,8.470000000000000e+001,,<rdkit.Chem.rdchem.Mol object at 0x000001B74E0702D0>,,O=C(Cc1cccc2ccccc12)NNc1ncnc2c1cnn2-c1cccc(Cl)c1
P7006979,0,5,4,4.000000000000000e+000,5,5.009999999999999e+001,,<rdkit.Chem.rdchem.Mol object at 0x000001B74E070330>,,Clc1cccc(-n2ncc3c(N4CCN(Cc5ccccc5)CC4)ncnc32)c1
P7006972,0,5,3,4.300000000000000e+000,5,5.009999999999999e+001,,<rdkit.Chem.rdchem.Mol object at 0x000001B74E070390>,,Fc1ccccc1N1CCN(c2ncnc3c2cnn3-c2cccc(Cl)c2)CC1
P6852833,1,5,6,3.700000000000000e+000,3,1.369000000000000e+002,,<rdkit.Chem.rdchem.Mol object at 0x000001B74E0703F0>,,NC(=O)CSc1oc(-c2ccc(F)cc2)nc1S(=O)(=O)c1ccc(Cl)cc1
P6668544,1,4,4,3.300000000000000e+000,2,8.769999999999999e+001,,<rdkit.Chem.rdchem.Mol object at 0x000001B74E070450>,,CCOC(=O)c1csc(-c2cc(Cl)ccc2O)n1
P6668539,0,3,5,3.200000000000000e+000,2,5.230000000000000e+001,,<rdkit.Chem.rdchem.Mol object at 0x000001B74E0704B0>,,CCOC(=O)c1coc(-c2ccc(C(F)(F)F)cc2)n1
P6668535,0,3,4,3.600000000000000e+000,2,5.230000000000000e+001,,<rdkit.Chem.rdchem.Mol object at 0x000001B74E070510>,,CCOC(=O)c1coc(-c2ccc(Cl)c(Cl)c2)n1
P6668196,2,5,6,2.800000000000000e+000,4,1.014000000000000e+002,,<rdkit.Chem.rdchem.Mol object at 0x000001B74E070570>,,Cc1ccc(C(=O)NCCCc2nc3ccccc3[nH]2)c(-n2cnnn2)c1C
P6668104,2,5,5,2.100000000000000e+000,4,1.014000000000000e+002,,<rdkit.Chem.rdchem.Mol object at 0x000001B74E0705D0>,,O=C(NCCc1nc2ccccc2[nH]1)c1cc(Cl)ccc1-n1cnnn1
P6668093,0,4,3,4.400000000000000e+000,5,6.550000000000000e+001,,<rdkit.Chem.rdchem.Mol object at 0x000001B74E070630>,,COc1ccccc1-c1nc2nccc(-c3cc4ccccc4o3)n2n1
P6667784,0,4,3,2.700000000000000e+000,4,5.430000000000000e+001,,<rdkit.Chem.rdchem.Mol object at 0x000001B74E070690>,,CCN1CCN(C(=O)c2cc(-c3ccccc3)nc3c2c(C)nn3C)CC1
P6594984,1,1,2,2.700000000000000e+000,3,1.900000000000000e+001,,<rdkit.Chem.rdchem.Mol object at 0x000001B74E0706F0>,,c1ccc(CN2CCc3[nH]ccc3C2)cc1
P6328836,0,4,5,4.600000000000000e+000,3,6.790000000000001e+001,,<rdkit.Chem.rdchem.Mol object at 0x000001B74E070750>,,CCOC(=O)c1nn(-c2ccc(F)cc2)c(-c2ccccc2)c1C#N
P6298924,0,5,7,4.000000000000000e+000,3,8.229999999999998e+001,,<rdkit.Chem.rdchem.Mol object at 0x000001B74E0707B0>,,CCOC(=O)CSc1nnc(-c2ccccc2)n1-c1ccccc1
P6248929,3,5,6,1.800000000000000e+000,4,1.312000000000000e+002,,<rdkit.Chem.rdchem.Mol object at 0x000001B74E070810>,,Cn1c(=O)n(C)c2cc(S(=O)(=O)NC(Cc3c[nH]c4ccccc34)C(=O)O)ccc21
P6248887,3,5,4,2.400000000000000e+000,2,1.121000000000000e+002,,<rdkit.Chem.rdchem.Mol object at 0x000001B74E070870>,,Cc1cc(S(=O)(=O)Nc2ccc(C(=O)O)c(O)c2)ccc1F
P6248868,2,4,4,1.200000000000000e+000,4,1.139000000000000e+002,,<rdkit.Chem.rdchem.Mol object at 0x000001B74E0708D0>,,O=C1NC(=O)c2cc(S(=O)(=O)NCc3ccco3)cc3cccc1c23
P6248847,3,6,8,2.500000000000000e+000,3,1.261000000000000e+002,,<rdkit.Chem.rdchem.Mol object at 0x000001B74E070930>,,COc1ccc(OC)c(S(=O)(=O)NC(Cc2c[nH]c3ccccc23)C(=O)O)c1
P6248833,1,5,3,1.300000000000000e+000,4,1.331000000000000e+002,,<rdkit.Chem.rdchem.Mol object at 0x000001B74E070990>,,CN1C(=O)c2cccc3cc(S(=O)(=O)Nc4nccs4)cc(c23)C1=O
P6248824,1,6,6,2.500000000000000e+000,4,1.182000000000000e+002,,<rdkit.Chem.rdchem.Mol object at 0x000001B74E0709F0>,,CCN1C(=O)c2cccc3cc(S(=O)(=O)Nc4ccccc4C(=O)OC)cc(c23)C1=O
P6248823,1,4,4,3.100000000000000e+000,4,9.190000000000001e+001,,<rdkit.Chem.rdchem.Mol object at 0x000001B74E070A50>,,CCN1C(=O)c2cccc3cc(S(=O)(=O)Nc4ccccc4C)cc(c23)C1=O
P6248822,2,6,5,2.200000000000000e+000,4,1.292000000000000e+002,,<rdkit.Chem.rdchem.Mol object at 0x000001B74E070AB0>,,CCN1C(=O)c2cccc3cc(S(=O)(=O)Nc4cccc(C(=O)O)c4)cc(c23)C1=O
P6248130,1,6,8,4.400000000000000e+000,4,1.282000000000000e+002,,<rdkit.Chem.rdchem.Mol object at 0x000001B74E070B10>,,O=C(CCCCCn1nnc2ccccc2c1=O)Nc1nnc(C2CCCC2)s1
P6247888,1,7,4,1.500000000000000e+000,4,1.359000000000000e+002,,<rdkit.Chem.rdchem.Mol object at 0x000001B74E070B70>,,Cc1ccc(C(=O)Nc2nnc(C3CCCO3)s2)c(-n2cnnn2)c1C
P6247608,1,6,5,1.600000000000000e+000,4,1.311000000000000e+002,,<rdkit.Chem.rdchem.Mol object at 0x000001B74E070BD0>,,Cc1csc(NC(=O)CCc2nnc3ccc(-n4nc(C)cc4C)nn23)n1
P6247605,1,6,5,1.700000000000000e+000,4,1.311000000000000e+002,,<rdkit.Chem.rdchem.Mol object at 0x000001B74E070C30>,,Cc1cc(C)n(-c2ccc3nnc(CCC(=O)Nc4nc(C)c(C)s4)n3n2)n1
P6246745,1,5,7,2.400000000000000e+000,3,8.019999999999999e+001,,<rdkit.Chem.rdchem.Mol object at 0x000001B74E070C90>,,COc1ccc2cnn(CC(=O)NCCC3=CCCCC3)c(=O)c2c1OC
P6246487,2,7,8,1.700000000000000e+000,3,1.175000000000000e+002,,<rdkit.Chem.rdchem.Mol object at 0x000001B74E070CF0>,,COc1ccc2cnn(CC(=O)NCC3(CC(=O)O)CCCCC3)c(=O)c2c1OC
P6246483,2,7,7,1.300000000000000e+000,3,1.175000000000000e+002,,<rdkit.Chem.rdchem.Mol object at 0x000001B74E070D50>,,COc1ccc2cnn(CC(=O)N[C@@H](C(=O)O)c3ccccc3)c(=O)c2c1OC
P6242479,1,6,3,4.000000000000000e-001,3,1.267000000000000e+002,,<rdkit.Chem.rdchem.Mol object at 0x000001B74E070DB0>,,Cc1nnc(NC(=O)c2cc(F)ccc2-n2cnnn2)s1
P6241681,1,4,6,3.500000000000000e+000,3,1.367000000000000e+002,,<rdkit.Chem.rdchem.Mol object at 0x000001B74E070E10>,,Cc1sc2ncnc(SCCC(=O)NCc3cccs3)c2c1C
P6239917,1,4,4,3.300000000000000e+000,4,8.510000000000002e+001,,<rdkit.Chem.rdchem.Mol object at 0x000001B74E070E70>,,CC(=O)c1cccc(NC(=O)c2cc(-c3ccccc3)nc3onc(C)c23)c1
P6239891,1,5,5,2.600000000000000e+000,4,8.650000000000000e+001,,<rdkit.Chem.rdchem.Mol object at 0x000001B74E070ED0>,,COc1cc(NC(=O)c2cc(C3CC3)nc3onc(C)c23)cc(OC)c1
P6239294,1,5,4,3.900000000000000e+000,4,7.540000000000001e+001,,<rdkit.Chem.rdchem.Mol object at 0x000001B74E070F30>,,O=C(NC1CCCCCCC1)C1CCCN(c2ccc3nnc(C(F)(F)F)n3n2)C1
P6239137,1,4,3,1.600000000000000e+000,3,5.509999999999999e+001,,<rdkit.Chem.rdchem.Mol object at 0x000001B74E070F90>,,FC(F)(F)c1nnc2ccc(NC3CC3)nn12
P6239025,1,4,2,1.900000000000000e+000,3,5.509999999999999e+001,,<rdkit.Chem.rdchem.Mol object at 0x000001B74E092030>,,c1cc2nncn2nc1NC1CCCCC1
P6236773,0,2,4,4.500000000000000e+000,3,3.530000000000000e+001,,<rdkit.Chem.rdchem.Mol object at 0x000001B74E092090>,,CCOc1ccc2c(Cc3ccc(Cl)cc3)noc2c1
P6138899,1,5,3,4.600000000000000e+000,4,1.031000000000000e+002,,<rdkit.Chem.rdchem.Mol object at 0x000001B74E0920F0>,,Cc1ccc(Sc2nc(N)c3nc(-c4ccccc4)oc3n2)cc1
P6137857,3,4,3,1.000000000000000e+000,2,1.072000000000000e+002,,<rdkit.Chem.rdchem.Mol object at 0x000001B74E092150>,,Cc1ccccc1-c1nc(C(N)=O)c(NN)o1
P6057827,1,6,5,4.300000000000000e+000,5,1.427000000000000e+002,,<rdkit.Chem.rdchem.Mol object at 0x000001B74E0921B0>,,Cc1sc2nc(SCCCN3C(=O)c4cccc5cccc(c45)C3=O)nc(N)c2c1C
P6057817,1,6,5,5.000000000000000e+000,6,1.427000000000000e+002,,<rdkit.Chem.rdchem.Mol object at 0x000001B74E092210>,,Nc1nc(SCCCN2C(=O)c3cccc4cccc(c34)C2=O)nc2sc3c(c12)CCCC3
P6057682,3,6,6,6.000000000000000e-001,2,1.396000000000000e+002,,<rdkit.Chem.rdchem.Mol object at 0x000001B74E092270>,,Cc1oc2nc(SCC(=O)NCCCO)nc(N)c2c1C
P6057651,1,5,6,3.500000000000000e+000,5,1.034000000000000e+002,,<rdkit.Chem.rdchem.Mol object at 0x000001B74E0922D0>,,O=C1c2cccc3cccc(c23)C(=O)N1CCCc1nnc(Nc2ccccc2)s1
P6057643,1,4,4,3.500000000000000e+000,5,9.129999999999998e+001,,<rdkit.Chem.rdchem.Mol object at 0x000001B74E092330>,,C=CCn1c(=O)c2c3c(sc2n2c(Nc4ccccc4)nnc12)CCC3
P6057642,1,5,5,3.400000000000000e+000,5,1.005000000000000e+002,,<rdkit.Chem.rdchem.Mol object at 0x000001B74E092390>,,C=CCn1c(=O)c2c3c(sc2n2c(Nc4ccc(OC)cc4)nnc12)CCC3
P6057069,3,3,0,2.900000000000000e+000,4,6.070000000000000e+001,,<rdkit.Chem.rdchem.Mol object at 0x000001B74E0923F0>,,C[C@]12CC[C@@H]3c4ccc(O)cc4CC[C@H]3[C@@H]1C[C@@H](O)[C@@H]2O
P6053908,1,6,8,1.300000000000000e+000,4,1.025000000000000e+002,,<rdkit.Chem.rdchem.Mol object at 0x000001B74E092450>,,COc1ccc(C2C(C(=O)c3c(C)nn(C)c3C)=C(O)C(=O)N2CCCn2ccnc2)cc1
P6053490,1,6,6,2.000000000000000e+000,4,8.790000000000001e+001,,<rdkit.Chem.rdchem.Mol object at 0x000001B74E0924B0>,,Cc1nn(C)c(C)c1C(=O)C1=C(O)C(=O)N(CCN2CCOCC2)C1c1ccc(Cl)cc1
P6053482,1,7,7,1.300000000000000e+000,4,9.710000000000001e+001,,<rdkit.Chem.rdchem.Mol object at 0x000001B74E092510>,,COc1ccc(C2C(C(=O)c3c(C)nn(C)c3C)=C(O)C(=O)N2CCN2CCOCC2)cc1
P6053449,1,7,9,1.600000000000000e+000,3,9.710000000000001e+001,,<rdkit.Chem.rdchem.Mol object at 0x000001B74E092570>,,COc1cccc(C2C(C(=O)c3c(C)nn(C)c3C)=C(O)C(=O)N2CCCN(C)C)c1OC
P6053446,1,5,7,2.800000000000000e+000,3,7.870000000000000e+001,,<rdkit.Chem.rdchem.Mol object at 0x000001B74E0925D0>,,Cc1nn(C)c(C)c1C(=O)C1=C(O)C(=O)N(CCN(C)C)C1c1ccc(C(C)C)cc1
P6053142,1,5,5,2.100000000000000e+000,4,8.830000000000000e+001,,<rdkit.Chem.rdchem.Mol object at 0x000001B74E092630>,,Cc1nn(C)c(C)c1C(=O)C1=C(O)C(=O)N(Cc2cccnc2)C1c1ccc(F)cc1
P5980482,0,3,3,3.500000000000000e+000,3,4.910000000000000e+001,,<rdkit.Chem.rdchem.Mol object at 0x000001B74E092690>,,O=[N+]([O-])c1ccc2c(c1)CN(Cc1ccccc1)CC2
P5870881,2,4,3,2.900000000000000e+000,2,6.380000000000000e+001,,<rdkit.Chem.rdchem.Mol object at 0x000001B74E0926F0>,HCl,Cc1cc(N)nc(Nc2ccc(C(F)(F)F)cc2)n1.Cl
P5662487,0,4,4,2.900000000000000e+000,3,5.009999999999999e+001,,<rdkit.Chem.rdchem.Mol object at 0x000001B74E092750>,,Cc1cc(Br)cn2c(CN3CCN(C(=O)OC(C)(C)C)CC3)cnc12
P5662445,0,3,3,3.900000000000000e+000,4,6.309999999999999e+001,,<rdkit.Chem.rdchem.Mol object at 0x000001B74E0927B0>,,O=[N+]([O-])c1ccc2nc(-c3ccc(-c4ccccc4)cc3)cn2c1
P5662411,0,3,3,3.900000000000000e+000,4,6.309999999999999e+001,,<rdkit.Chem.rdchem.Mol object at 0x000001B74E092810>,,O=[N+]([O-])c1cccn2cc(-c3ccc(-c4ccccc4)cc3)nc12
P5662409,1,4,2,2.200000000000000e+000,3,8.340000000000002e+001,,<rdkit.Chem.rdchem.Mol object at 0x000001B74E092870>,,O=[N+]([O-])c1ccc2nc(-c3ccc(O)cc3)cn2c1
P5662408,0,3,3,4.400000000000000e+000,4,6.309999999999999e+001,,<rdkit.Chem.rdchem.Mol object at 0x000001B74E0928D0>,,Cc1cc([N+](=O)[O-])c2nc(-c3ccc(-c4ccccc4)cc3)cn2c1
P5050178,0,3,5,4.100000000000000e+000,2,6.740000000000001e+001,,<rdkit.Chem.rdchem.Mol object at 0x000001B74E092930>,,CCOC(=O)c1sc(-c2ccccc2)nc1C(F)(F)F
P4794195,2,6,7,4.000000000000000e+000,4,1.266000000000000e+002,,<rdkit.Chem.rdchem.Mol object at 0x000001B74E092990>,,CCc1ccccc1NC(=O)CSc1nnc2[nH]c(=O)c(Cc3ccccc3Cl)nn12
P4794109,1,5,3,2.800000000000000e+000,3,8.040000000000001e+001,,<rdkit.Chem.rdchem.Mol object at 0x000001B74E0929F0>,,FC(F)(F)c1nnc2n1N=C(NC1CCCCC1)CS2
P4792377,1,5,3,4.800000000000000e+000,4,8.040000000000001e+001,,<rdkit.Chem.rdchem.Mol object at 0x000001B74E092A50>,,Cc1cccc(NC2=Nn3c(nnc3-c3ccccc3Br)SC2)c1C
P4791969,1,5,3,5.000000000000000e+000,4,8.040000000000001e+001,,<rdkit.Chem.rdchem.Mol object at 0x000001B74E092AB0>,,Cc1c(Cl)cccc1NC1=Nn2c(nnc2-c2ccccc2Br)SC1
P4787292,0,3,3,2.100000000000000e+000,2,4.359999999999999e+001,,<rdkit.Chem.rdchem.Mol object at 0x000001B74E092B10>,,CCOC(=O)c1cn2c(Cl)cccc2n1
P4787291,1,4,4,2.900000000000000e+000,4,4.180000000000000e+001,,<rdkit.Chem.rdchem.Mol object at 0x000001B74E092B70>,HCl,COc1cccc(-c2nc3cccc(C)n3c2CN2CCNCC2)c1.Cl
P4773227,3,4,3,5.000000000000000e-001,2,1.072000000000000e+002,,<rdkit.Chem.rdchem.Mol object at 0x000001B74E092BD0>,,NNc1oc(-c2ccccc2)nc1C(N)=O
P4772877,2,5,4,1.800000000000000e+000,2,9.040000000000001e+001,,<rdkit.Chem.rdchem.Mol object at 0x000001B74E092C30>,,COC(=O)c1nc(-c2ccc(C)cc2)oc1NN
P4532750,2,3,3,2.800000000000000e+000,3,8.320000000000000e+001,,<rdkit.Chem.rdchem.Mol object at 0x000001B74E092C90>,,Cc1nc2ccc(NS(=O)(=O)c3ccc(Cl)cc3)cc2[nH]1
P4435284,2,2,1,1.400000000000000e+000,1,4.050000000000000e+001,,<rdkit.Chem.rdchem.Mol object at 0x000001B74E092CF0>,,CC1(O)CCC(C(C)(C)O)CC1
P4357347,0,3,5,3.000000000000000e+000,3,6.309999999999999e+001,,<rdkit.Chem.rdchem.Mol object at 0x000001B74E092D50>,,CCN(CC)S(=O)(=O)c1cccc(-c2cn3cc(Cl)ccc3n2)c1
P4354613,0,3,3,3.500000000000000e+000,4,6.309999999999999e+001,,<rdkit.Chem.rdchem.Mol object at 0x000001B74E092DB0>,,Cc1cccn2cc(-c3cccc(S(=O)(=O)N4CCCCCC4)c3)nc12
P4354609,0,3,3,3.700000000000000e+000,4,6.309999999999999e+001,,<rdkit.Chem.rdchem.Mol object at 0x000001B74E092E10>,,O=S(=O)(c1cccc(-c2cn3cc(Cl)ccc3n2)c1)N1CCCCCC1
P4354439,0,4,3,2.100000000000000e+000,4,7.230000000000001e+001,,<rdkit.Chem.rdchem.Mol object at 0x000001B74E092E70>,,CC1CN(S(=O)(=O)c2cccc(-c3cn4ccccc4n3)c2)CC(C)O1
P4354122,1,5,4,4.200000000000000e+000,5,1.357000000000000e+002,,<rdkit.Chem.rdchem.Mol object at 0x000001B74E092ED0>,,CCc1ccc(C2C(c3nc4ccccc4s3)=C(O)C(=O)N2c2nnc(C)s2)cc1
P4354117,1,6,6,4.900000000000000e+000,5,1.491000000000000e+002,,<rdkit.Chem.rdchem.Mol object at 0x000001B74E092F30>,,CCc1ccc(C2C(c3nc4ccccc4s3)=C(O)C(=O)N2c2nc(C)c(C(=O)OC)s2)cc1
P4350335,0,6,5,4.000000000000000e+000,4,9.900000000000000e+001,,<rdkit.Chem.rdchem.Mol object at 0x000001B74E092F90>,,COc1cc(-c2nn3c(-c4ccc(Cl)cc4)nnc3s2)cc(OC)c1OC
P4162669,0,3,3,1.400000000000000e+000,2,4.359999999999999e+001,,<rdkit.Chem.rdchem.Mol object at 0x000001B74E0A0030>,,CCOC(=O)c1cn2cc(F)ccc2n1
P4061537,0,3,4,3.400000000000000e+000,3,7.180000000000000e+001,,<rdkit.Chem.rdchem.Mol object at 0x000001B74E0A0090>,,CCOC(=O)c1cn2c(-c3ccc(C)cc3)csc2n1
P4061522,0,3,3,1.900000000000000e+000,4,5.470000000000000e+001,,<rdkit.Chem.rdchem.Mol object at 0x000001B74E0A00F0>,,Cc1cccc2nc(CCN3C(=O)c4ccccc4C3=O)cn12
P4061505,0,3,3,3.000000000000000e+000,4,5.470000000000000e+001,,<rdkit.Chem.rdchem.Mol object at 0x000001B74E0A0150>,,O=C1c2ccccc2C(=O)N1CCc1cn2cc(Cl)cc(Cl)c2n1
P3656175,1,3,3,2.700000000000000e+000,2,6.330000000000000e+001,,<rdkit.Chem.rdchem.Mol object at 0x000001B74E0A01B0>,,O=C(O)c1coc(-c2ccc(C(F)(F)F)cc2)n1
P3644563,0,5,6,4.700000000000000e+000,4,6.619999999999999e+001,,<rdkit.Chem.rdchem.Mol object at 0x000001B74E0A0210>,,CCOC(=O)c1cc(-c2ccc(OC)cc2)c2c(C)nn(-c3ccccc3)c2n1
P3644535,0,3,3,1.700000000000000e+000,2,4.359999999999999e+001,,<rdkit.Chem.rdchem.Mol object at 0x000001B74E0A0270>,,CCOC(=O)c1cn2cc(C)ccc2n1
P3619993,0,2,2,3.300000000000000e+000,3,3.890000000000000e+001,,<rdkit.Chem.rdchem.Mol object at 0x000001B74E0A02D0>,,FC(F)(F)c1ccc(-c2nc3ncccc3o2)cc1
P3524400,2,5,2,2.000000000000000e+000,2,8.330000000000000e+001,,<rdkit.Chem.rdchem.Mol object at 0x000001B74E0A0330>,,O=C(O)c1cc(O)nc(-c2ccccc2)n1
P3463890,0,1,1,4.300000000000000e+000,3,1.730000000000000e+001,,<rdkit.Chem.rdchem.Mol object at 0x000001B74E0A0390>,,Cc1cccn2cc(-c3ccc(Cl)c(Cl)c3)nc12
P3463510,2,4,3,9.000000000000000e-001,2,9.050000000000000e+001,,<rdkit.Chem.rdchem.Mol object at 0x000001B74E0A03F0>,,Cc1nc(NC2CC2)sc1C(=O)O
P3463197,1,4,7,2.600000000000000e+000,3,7.730000000000001e+001,,<rdkit.Chem.rdchem.Mol object at 0x000001B74E0A0450>,,Cc1noc2nc(-c3ccccc3)cc(C(=O)NCCCOC(C)C)c12
P3462660,2,2,0,3.800000000000000e+000,4,4.050000000000000e+001,,<rdkit.Chem.rdchem.Mol object at 0x000001B74E0A04B0>,,C[C@]12CCC3c4ccc(O)cc4CCC3C1CCC2O
P3461938,0,3,3,4.800000000000000e+000,5,5.980000000000000e+001,,<rdkit.Chem.rdchem.Mol object at 0x000001B74E0A0510>,,Cc1oc2cc3oc(=O)c(CCC(=O)N4CCc5ccccc5C4)c(C)c3cc2c1C
P3461412,1,4,6,1.900000000000000e+000,3,7.730000000000001e+001,,<rdkit.Chem.rdchem.Mol object at 0x000001B74E0A0570>,,COCCCNC(=O)c1cc(-c2ccccc2)nc2onc(C)c12
P3461059,1,6,4,1.800000000000000e+000,3,1.187000000000000e+002,,<rdkit.Chem.rdchem.Mol object at 0x000001B74E0A05D0>,,COc1ccc2c(C)c(CC(=O)Nc3nnc(C)s3)c(=O)oc2c1
P3354075,0,1,1,4.100000000000000e+000,3,1.730000000000000e+001,,<rdkit.Chem.rdchem.Mol object at 0x000001B74E0A0630>,,Fc1ccc2nc(-c3ccc(Cl)cc3Cl)cn2c1
P3353997,0,1,1,3.700000000000000e+000,3,1.730000000000000e+001,,<rdkit.Chem.rdchem.Mol object at 0x000001B74E0A0690>,,Cc1ccc2nc(-c3ccc(F)c(C)c3)cn2c1
P3353996,0,1,1,4.000000000000000e+000,3,1.730000000000000e+001,,<rdkit.Chem.rdchem.Mol object at 0x000001B74E0A06F0>,,Cc1ccc(-c2cn3cccc(C)c3n2)cc1C
P3353955,2,4,3,4.300000000000000e+000,3,6.720000000000000e+001,,<rdkit.Chem.rdchem.Mol object at 0x000001B74E0A0750>,,Cn1cnc2cc(C(=O)O)c(Nc3ccc(Br)cc3Cl)c(F)c21
P2215030,1,2,1,1.400000000000000e+000,1,3.890000000000000e+001,,<rdkit.Chem.rdchem.Mol object at 0x000001B74E0A07B0>,,Nc1ccc(C(F)(F)F)cn1
P2196039,1,4,6,4.100000000000000e+000,3,7.730000000000001e+001,,<rdkit.Chem.rdchem.Mol object at 0x000001B74E0A0810>,,Cc1ccc(-c2nnc(CNC(=O)COc3cc(C)c(Cl)c(C)c3)o2)cc1
P2195496,1,2,5,4.200000000000000e+000,3,6.770000000000000e+001,,<rdkit.Chem.rdchem.Mol object at 0x000001B74E0A0870>,,Cc1cc(S(=O)(=O)NCc2ccc(-c3ccccc3F)o2)ccc1F
P2194974,1,5,2,2.100000000000000e+000,2,7.230000000000001e+001,,<rdkit.Chem.rdchem.Mol object at 0x000001B74E0A08D0>,,COC(=O)c1nnc2ccc(C)cc2c1O
P2194663,0,3,2,4.200000000000000e+000,4,5.559999999999999e+001,,<rdkit.Chem.rdchem.Mol object at 0x000001B74E0A0930>,,Cc1ccc(-c2cc(C(=O)N3CC(C)Oc4ccccc43)no2)cc1
P2194099,0,5,3,3.300000000000000e+000,3,8.769999999999999e+001,,<rdkit.Chem.rdchem.Mol object at 0x000001B74E0A0990>,,CC(=O)N1N=C(c2ccc(C)cc2)OC1c1ccccc1[N+](=O)[O-]
P2193760,1,5,6,4.300000000000000e+000,4,1.466000000000000e+002,,<rdkit.Chem.rdchem.Mol object at 0x000001B74E0A09F0>,,Cc1cccc(C)c1OCC(=O)Nc1nc(C)c(-c2nc(-c3cccs3)no2)s1
P2192253,2,5,7,3.900000000000000e+000,3,9.350000000000001e+001,,<rdkit.Chem.rdchem.Mol object at 0x000001B74E0A0A50>,,CCOC(=O)c1nc(-c2ccc(C)cc2)oc1NNC(=O)c1ccccc1F
P2191859,1,4,7,4.700000000000000e+000,4,7.730000000000001e+001,,<rdkit.Chem.rdchem.Mol object at 0x000001B74E0A0AB0>,,C=CCOc1ccc(C(=O)Nc2ccccc2-c2nc(-c3ccc(F)cc3)no2)cc1
P2191521,1,4,6,4.500000000000000e+000,4,7.730000000000001e+001,,<rdkit.Chem.rdchem.Mol object at 0x000001B74E0A0B10>,,CCOc1ccccc1C(=O)Nc1ccccc1-c1nc(-c2ccc(F)cc2)no1
P2191263,1,3,4,4.900000000000000e+000,4,6.800000000000000e+001,,<rdkit.Chem.rdchem.Mol object at 0x000001B74E0A0B70>,,Cc1ccc(C(=O)Nc2ccccc2-c2nc(-c3ccc(C)cc3)no2)cc1
P2190443,1,3,5,4.000000000000000e+000,4,8.119999999999999e+001,,<rdkit.Chem.rdchem.Mol object at 0x000001B74E0A0BD0>,,Cc1ccc2oc(C(=O)NCCc3nc(-c4ccccc4)no3)c(C)c2c1
P2167665,1,5,5,1.500000000000000e+000,2,5.900000000000000e+001,,<rdkit.Chem.rdchem.Mol object at 0x000001B74E0A0C30>,,COc1ccc(OCCn2ccc(=O)c(O)c2C)cc1
P2143315,1,3,5,2.200000000000000e+000,3,6.800000000000000e+001,,<rdkit.Chem.rdchem.Mol object at 0x000001B74E0A0C90>,,Cc1nnc(C(CC(=O)Nc2ccccc2)c2ccccc2)o1
P2134220,1,2,2,3.300000000000000e+000,3,2.350000000000000e+001,,<rdkit.Chem.rdchem.Mol object at 0x000001B74E0A0CF0>,,Oc1ccc(CN2CCc3ccccc3C2)cc1
P2125531,0,4,2,3.100000000000000e+000,5,7.400000000000000e+001,,<rdkit.Chem.rdchem.Mol object at 0x000001B74E0A0D50>,,Cc1ccc(-n2ncc3c2ncn2c(-c4ccco4)nnc32)cc1
P2033074,2,4,4,2.100000000000000e+000,2,8.670000000000000e+001,,<rdkit.Chem.rdchem.Mol object at 0x000001B74E0A0DB0>,,CCC1(c2ccc(C)c(C)c2)NC(=O)N(CC(=O)O)C1=O
P1904680,1,2,2,2.400000000000000e+000,1,3.730000000000000e+001,,<rdkit.Chem.rdchem.Mol object at 0x000001B74E0A0E10>,,O=C(O)c1ccc(C(F)(F)F)cc1
P1850738,1,4,3,3.400000000000000e+000,4,6.750000000000000e+001,,<rdkit.Chem.rdchem.Mol object at 0x000001B74E0A0E70>,,O=C(O)c1cc(C2CC2)n2nc(-c3ccccc3F)cc2n1
P1821166,2,2,3,2.400000000000000e+000,2,3.230000000000000e+001,,<rdkit.Chem.rdchem.Mol object at 0x000001B74E0A0ED0>,,OC(c1cccc(C(F)(F)F)c1)C1CCCNC1
P1820137,0,1,2,4.000000000000000e+000,2,1.290000000000000e+001,,<rdkit.Chem.rdchem.Mol object at 0x000001B74E0A0F30>,,FC(F)(F)c1cccc(-c2ccc(Cl)nc2)c1
P1792201,1,1,2,2.800000000000000e+000,2,1.200000000000000e+001,,<rdkit.Chem.rdchem.Mol object at 0x000001B74E0A0F90>,,FC(F)(F)c1ccc(C2CCCN2)cc1
P1742993,2,4,3,3.600000000000000e+000,4,6.650000000000000e+001,,<rdkit.Chem.rdchem.Mol object at 0x000001B74E0AE030>,,CC(C)c1nc(Nc2ccc3cn[nH]c3c2)c2ccccc2n1
P1738416,2,6,5,2.900000000000000e+000,3,7.650000000000000e+001,,<rdkit.Chem.rdchem.Mol object at 0x000001B74E0AE090>,,COc1cc2nc(C(F)(F)F)nc(N[C@H]3CC[C@H](O)CC3)c2cc1OC
P1737356,1,4,2,1.800000000000000e+000,3,5.559999999999999e+001,,<rdkit.Chem.rdchem.Mol object at 0x000001B74E0AE0F0>,,Cn1ncc2c(NC3CCCCC3)ncnc21
P1737355,1,4,2,1.400000000000000e+000,3,5.559999999999999e+001,,<rdkit.Chem.rdchem.Mol object at 0x000001B74E0AE150>,,Cn1ncc2c(NC3CCCC3)ncnc21
P1737188,2,4,3,3.100000000000000e+000,3,5.800000000000000e+001,,<rdkit.Chem.rdchem.Mol object at 0x000001B74E0AE1B0>,,O[C@H]1CC[C@H](Nc2nc(C(F)(F)F)nc3c(F)cccc23)CC1
P1736935,1,3,3,3.000000000000000e+000,3,3.780000000000000e+001,,<rdkit.Chem.rdchem.Mol object at 0x000001B74E0AE210>,,Fc1ccc2nc(C(F)(F)F)nc(NC3CC3)c2c1
P1736385,2,5,4,2.900000000000000e+000,3,6.730000000000001e+001,,<rdkit.Chem.rdchem.Mol object at 0x000001B74E0AE270>,,COc1ccc2c(N[C@H]3CC[C@H](O)CC3)nc(C(F)(F)F)nc2c1
P1705444,0,3,3,1.700000000000000e+000,2,4.359999999999999e+001,,<rdkit.Chem.rdchem.Mol object at 0x000001B74E0AE2D0>,,CCOC(=O)c1cn2ccc(C)cc2n1
P1691774,0,3,4,4.100000000000000e+000,4,1.042000000000000e+002,,<rdkit.Chem.rdchem.Mol object at 0x000001B74E0AE330>,,Cc1ccc2c(C)c(C(=O)N(Cc3sccc3C)C3CCS(=O)(=O)C3)oc2c1
P1690388,1,4,6,4.200000000000000e+000,4,8.000000000000000e+001,,<rdkit.Chem.rdchem.Mol object at 0x000001B74E0AE390>,,COCCN1C(=O)C(O)=C(C(=O)c2cc3ccccc3o2)C1c1ccc(Cl)c(Cl)c1
P1690174,1,5,4,4.600000000000000e+000,5,1.248000000000000e+002,,<rdkit.Chem.rdchem.Mol object at 0x000001B74E0AE3F0>,,Cc1nnc(N2C(=O)C(O)=C(C(=O)c3cc4ccccc4o3)C2c2ccc(Cl)c(Cl)c2)s1
P1687827,1,4,4,4.100000000000000e+000,4,1.259000000000000e+002,,<rdkit.Chem.rdchem.Mol object at 0x000001B74E0AE450>,,Cc1cc(C)c2c(CC(=O)Nc3nc4ccc(S(C)(=O)=O)cc4s3)coc2c1
P1685109,1,5,5,2.300000000000000e+000,5,9.650000000000000e+001,,<rdkit.Chem.rdchem.Mol object at 0x000001B74E0AE4B0>,,O=C(C1=C(O)C(=O)N(Cc2ccncc2)C1c1ccncc1)c1cc2ccccc2o1
P1685099,1,3,6,4.700000000000000e+000,5,9.900000000000000e+001,,<rdkit.Chem.rdchem.Mol object at 0x000001B74E0AE510>,,O=C(C1=C(O)C(=O)N(CCc2ccccc2)C1c1cccs1)c1cc2ccccc2o1
P1683778,1,4,7,4.900000000000000e+000,4,7.780000000000000e+001,,<rdkit.Chem.rdchem.Mol object at 0x000001B74E0AE570>,,COc1ccccc1OCC(=O)Nc1c(C(=O)c2ccc(C)cc2)oc2ccccc12
P1683381,1,4,7,4.400000000000000e+000,4,7.780000000000000e+001,,<rdkit.Chem.rdchem.Mol object at 0x000001B74E0AE5D0>,,COc1ccccc1OCC(=O)Nc1c(C(=O)c2ccccc2)oc2ccccc12
P1680524,1,5,10,4.300000000000000e+000,4,1.175000000000000e+002,,<rdkit.Chem.rdchem.Mol object at 0x000001B74E0AE630>,,CCCOc1ccc(C2C(C(=O)c3cccs3)=C(O)C(=O)N2Cc2ccco2)cc1OCC
P1680507,2,7,5,2.400000000000000e+000,5,1.092000000000000e+002,,<rdkit.Chem.rdchem.Mol object at 0x000001B74E0AE690>,,O=C(C1=C(O)C(=O)N(Cc2cccnc2)C1c1cccc(O)c1)c1ccc2c(c1)OCCO2
P1680222,0,3,4,4.800000000000000e+000,4,9.110000000000001e+001,,<rdkit.Chem.rdchem.Mol object at 0x000001B74E0AE6F0>,,O=C(c1sc2ccccc2c1Cl)N(Cc1cccc(Cl)c1)C1CCS(=O)(=O)C1
P1679114,0,7,9,4.400000000000000e+000,3,1.027000000000000e+002,,<rdkit.Chem.rdchem.Mol object at 0x000001B74E0AE750>,,CCCOc1ccc(C2C(C(=O)OC)=C(C)N=C3SC(CC)C(=O)N32)cc1OCC
P1676975,2,6,9,2.900000000000000e+000,5,1.180000000000000e+002,,<rdkit.Chem.rdchem.Mol object at 0x000001B74E0AE7B0>,,CCOc1cc(C2C(C(=O)c3cc4ccccc4o3)=C(O)C(=O)N2CCCn2ccnc2)ccc1O
P1674390,2,4,5,3.600000000000000e+000,4,9.100000000000000e+001,,<rdkit.Chem.rdchem.Mol object at 0x000001B74E0AE810>,,O=C(C1=C(O)C(=O)N(Cc2ccco2)C1c1cccc(O)c1)c1ccc(Cl)cc1
P1665476,1,5,6,2.100000000000000e+000,3,7.970000000000000e+001,,<rdkit.Chem.rdchem.Mol object at 0x000001B74E0AE870>,,CCOC(=O)C1=C(O)C(=O)N(Cc2cccnc2)C1c1ccc(C)cc1
P1664596,0,1,1,3.200000000000000e+000,3,1.730000000000000e+001,,<rdkit.Chem.rdchem.Mol object at 0x000001B74E0AE8D0>,,Cc1ccn2cc(-c3ccc(F)cc3)nc2c1
P1664497,1,4,6,1.900000000000000e+000,3,1.022000000000000e+002,,<rdkit.Chem.rdchem.Mol object at 0x000001B74E0AE930>,,Cc1ccc(C2C(C(=O)c3cccs3)=C(O)C(=O)N2CCN(C)C)o1
P1664257,1,6,9,4.100000000000000e+000,4,8.900000000000000e+001,,<rdkit.Chem.rdchem.Mol object at 0x000001B74E0AE990>,,C=CCOc1ccc(C2C(C(=O)c3ccc(Cl)cc3)=C(O)C(=O)N2Cc2ccncc2)cc1OC
P1663999,0,1,1,3.500000000000000e+000,3,1.730000000000000e+001,,<rdkit.Chem.rdchem.Mol object at 0x000001B74E0AE9F0>,,Cc1ccc(-c2cn3cc(C)ccc3n2)cc1
P1655157,0,3,4,3.200000000000000e+000,2,6.740000000000001e+001,,<rdkit.Chem.rdchem.Mol object at 0x000001B74E0AEA50>,,CCOC(=O)c1cnc(-c2ccc(C)cc2)s1
P1597881,1,5,8,2.700000000000000e+000,3,5.890000000000000e+001,,<rdkit.Chem.rdchem.Mol object at 0x000001B74E0AEAB0>,,CCN(CC)CCCNc1ncnc2c1cnn2-c1ccc(F)cc1
P1592342,1,6,4,2.100000000000000e+000,4,6.809999999999999e+001,,<rdkit.Chem.rdchem.Mol object at 0x000001B74E0AEB10>,,COc1ccc(Nc2nc(N3CCCC3)nc3c2cnn3C)cc1
P1582169,2,6,4,2.400000000000000e+000,4,7.559999999999999e+001,,<rdkit.Chem.rdchem.Mol object at 0x000001B74E0AEB70>,,c1ccc(Nc2nc(NC3CCCC3)nc3nccnc23)cc1
P1581904,2,5,4,3.200000000000000e+000,4,8.470000000000000e+001,,<rdkit.Chem.rdchem.Mol object at 0x000001B74E0AEBD0>,,CC(=O)Nc1ccc(Nc2ncnc3c2cnn3-c2ccc(C)cc2C)cc1
P1581764,2,6,5,2.800000000000000e+000,4,7.690000000000001e+001,,<rdkit.Chem.rdchem.Mol object at 0x000001B74E0AEC30>,,COc1ccc(Nc2nc(NC3CCCC3)nc3c2cnn3C)cc1
P1578664,2,7,5,3.200000000000000e+000,4,8.490000000000002e+001,,<rdkit.Chem.rdchem.Mol object at 0x000001B74E0AEC90>,,COc1ccc(Nc2nc(Nc3cccc(Cl)c3)nc3nccnc23)cc1
P1574604,2,8,6,2.000000000000000e+000,4,8.810000000000002e+001,,<rdkit.Chem.rdchem.Mol object at 0x000001B74E0AECF0>,,Cc1ccc(Nc2nc(NCCN3CCOCC3)nc3nccnc23)cc1Cl
P1572651,3,6,6,3.100000000000000e+000,2,7.480000000000001e+001,,<rdkit.Chem.rdchem.Mol object at 0x000001B74E0AED50>,HCl,CCNc1nc(NCC)nc(Nc2ccc(C)c(C)c2)n1.Cl
P1522920,3,5,4,2.300000000000000e+000,2,8.820000000000000e+001,,<rdkit.Chem.rdchem.Mol object at 0x000001B74E0AEDB0>,2 HCl,Cc1cc(NCc2ccc(C(=O)O)cc2)ncc1N.Cl.Cl
P1521760,1,2,1,2.500000000000000e+000,3,4.330000000000000e+001,,<rdkit.Chem.rdchem.Mol object at 0x000001B74E0AEE10>,,Cc1cc2nc(-c3ccc(F)cc3)cn2cc1N
P1521520,1,2,3,1.100000000000000e+000,2,4.330000000000000e+001,,<rdkit.Chem.rdchem.Mol object at 0x000001B74E0AEE70>,,NCCc1cn2cc(C(F)(F)F)ccc2n1
P1515889,1,3,2,3.500000000000000e+000,3,5.460000000000000e+001,,<rdkit.Chem.rdchem.Mol object at 0x000001B74E0AEED0>,,Cc1ccc(-c2nc3ccc(C)cn3c2C(=O)O)cc1
P1446062,0,3,3,1.800000000000000e+000,3,7.070000000000000e+001,,<rdkit.Chem.rdchem.Mol object at 0x000001B74E0AEF30>,,COCc1nc2c(s1)CN(C(=O)c1ccccc1F)CC2
P1441851,2,4,2,-3.000000000000000e-001,3,9.190000000000001e+001,,<rdkit.Chem.rdchem.Mol object at 0x000001B74E0AEF90>,,Cc1c(C)n2c3c(=O)[nH]c(=O)n(C)c3nc2n1CCO
P1441797,2,4,3,-2.000000000000000e-001,3,9.190000000000001e+001,,<rdkit.Chem.rdchem.Mol object at 0x000001B74E0BA030>,,Cc1c(C)n2c3c(=O)[nH]c(=O)n(C)c3nc2n1CCCO
P1394643,1,2,2,2.800000000000000e+000,3,2.930000000000000e+001,,<rdkit.Chem.rdchem.Mol object at 0x000001B74E0BA090>,,Nc1ccc2c(c1)CN(Cc1ccccc1)CC2
P1342798,0,4,3,3.300000000000000e+000,4,7.759999999999999e+001,,<rdkit.Chem.rdchem.Mol object at 0x000001B74E0BA0F0>,,CCc1cc2c(N3CCN(C(=O)c4ccc(C)cc4)CC3)nc(C)nc2s1
P1318897,1,2,2,3.500000000000000e+000,3,3.750000000000000e+001,,<rdkit.Chem.rdchem.Mol object at 0x000001B74E0BA150>,,OCc1c(-c2ccc(Cl)cc2Cl)nc2ccccn12
P1317529,1,3,3,3.700000000000000e+000,3,4.659999999999999e+001,,<rdkit.Chem.rdchem.Mol object at 0x000001B74E0BA1B0>,3 HCl,Cc1ccc2nc(-c3cccc(N)c3)c(CN(C)C)n2c1.Cl.Cl.Cl
P1314086,0,3,3,1.200000000000000e+000,2,4.359999999999999e+001,,<rdkit.Chem.rdchem.Mol object at 0x000001B74E0BA210>,,CCOC(=O)c1cn2ccccc2n1
P1310448,1,3,6,5.000000000000000e+000,4,5.840000000000000e+001,,<rdkit.Chem.rdchem.Mol object at 0x000001B74E0BA270>,,CN(C)C(CNC(=O)c1cc(-c2ccc3c(c2)CCCC3)on1)c1ccccc1
P1308874,1,3,5,4.800000000000000e+000,4,8.480000000000001e+001,,<rdkit.Chem.rdchem.Mol object at 0x000001B74E0BA2D0>,,Cc1ccc(C(=O)c2oc3ccccc3c2NS(=O)(=O)c2ccccc2)cc1
P1307862,1,4,6,3.700000000000000e+000,3,7.730000000000001e+001,,<rdkit.Chem.rdchem.Mol object at 0x000001B74E0BA330>,,C=CCOc1ccc(C(=O)Nc2nonc2-c2ccc(F)cc2)cc1
P1307481,0,4,6,4.100000000000000e+000,4,6.900000000000000e+001,,<rdkit.Chem.rdchem.Mol object at 0x000001B74E0BA390>,,COc1ccc(CN(Cc2ccco2)C(=O)c2cc(=O)c3ccc(Br)cc3o2)cc1
P1307477,1,3,3,3.700000000000000e+000,3,6.800000000000000e+001,,<rdkit.Chem.rdchem.Mol object at 0x000001B74E0BA3F0>,,Cc1ccc(-c2cc(C(=O)Nc3ccccn3)no2)cc1C
P1307126,1,5,5,7.000000000000000e-001,4,7.290000000000001e+001,,<rdkit.Chem.rdchem.Mol object at 0x000001B74E0BA450>,,c1ccc2c(c1)c(NCCCn1ccnc1)nn1cnnc21
P1306871,3,4,4,4.100000000000000e+000,5,1.026000000000000e+002,,<rdkit.Chem.rdchem.Mol object at 0x000001B74E0BA4B0>,,Cc1ccc(O)c(-c2n[nH]c3c2C(c2cccc(O)c2)N(Cc2ccco2)C3=O)c1
P1306558,0,4,4,4.500000000000000e+000,5,5.950000000000000e+001,,<rdkit.Chem.rdchem.Mol object at 0x000001B74E0BA510>,,O=C(c1cc(=O)c2ccccc2o1)N(Cc1cccc2ccccc12)c1ccccn1
P1305222,1,5,7,4.400000000000000e+000,3,8.650000000000000e+001,,<rdkit.Chem.rdchem.Mol object at 0x000001B74E0BA570>,,CCC(Oc1ccccc1F)C(=O)Nc1nonc1-c1ccc(OC)c(C)c1
P1302321,1,5,6,3.300000000000000e+000,3,8.400000000000000e+001,,<rdkit.Chem.rdchem.Mol object at 0x000001B74E0BA5D0>,,Cc1cc(OCc2nc(C#N)c(NCc3ccncc3)o2)ccc1Cl
P1287048,2,5,5,3.500000000000000e+000,3,9.219999999999999e+001,,<rdkit.Chem.rdchem.Mol object at 0x000001B74E0BA630>,,CSc1ncc(C(=O)NC2CCCC2)c(NC2CCCC2)n1
P1287045,1,5,3,2.700000000000000e+000,2,8.690000000000001e+001,,<rdkit.Chem.rdchem.Mol object at 0x000001B74E0BA690>,,CSc1ncc(C#N)c(NC2CCCC2)n1
P1287044,2,5,4,1.900000000000000e+000,2,1.062000000000000e+002,,<rdkit.Chem.rdchem.Mol object at 0x000001B74E0BA6F0>,,CSc1ncc(C(N)=O)c(NC2CCCC2)n1
P1267391,1,2,2,3.800000000000000e+000,4,4.330000000000000e+001,,<rdkit.Chem.rdchem.Mol object at 0x000001B74E0BA750>,,Cc1cc(N)c2nc(-c3ccc(-c4ccccc4)cc3)cn2c1
P1264415,1,4,4,1.900000000000000e+000,4,8.310000000000002e+001,,<rdkit.Chem.rdchem.Mol object at 0x000001B74E0BA7B0>,,Cc1cn2c3c(=O)n(Cc4ccccc4Cl)c(=O)n(C)c3nc2n1CCO
P1262403,2,5,4,3.100000000000000e+000,4,9.790000000000001e+001,,<rdkit.Chem.rdchem.Mol object at 0x000001B74E0BA810>,,O=C(NNc1ncnc2c1cnn2-c1ccc(Cl)c(Cl)c1)c1ccco1
P1258191,1,4,6,2.700000000000000e+000,3,1.132000000000000e+002,,<rdkit.Chem.rdchem.Mol object at 0x000001B74E0BA870>,,Cc1cccc(OCCCn2cnc3sc(C(N)=O)c(C)c3c2=O)c1
P1247992,1,4,3,1.000000000000000e+000,3,1.300000000000000e+002,,<rdkit.Chem.rdchem.Mol object at 0x000001B74E0BA8D0>,,Cc1noc(C)c1Cn1cnc2sc(C(N)=O)c(C)c2c1=O
P1207174,1,2,2,3.300000000000000e+000,4,4.330000000000000e+001,,<rdkit.Chem.rdchem.Mol object at 0x000001B74E0BA930>,,Nc1cccn2cc(-c3ccc(-c4ccccc4)cc3)nc12
P1202134,1,3,4,4.000000000000000e+000,3,3.050000000000000e+001,,<rdkit.Chem.rdchem.Mol object at 0x000001B74E0BA990>,,COc1cc2c(cc1OC)C(c1ccc(C(F)(F)F)cc1)NCC2
P1202133,1,3,4,4.000000000000000e+000,3,3.050000000000000e+001,,<rdkit.Chem.rdchem.Mol object at 0x000001B74E0BA9F0>,,COc1cc2c(cc1OC)C(c1ccccc1C(F)(F)F)NCC2
P1196925,1,3,5,3.000000000000000e+000,2,7.950000000000000e+001,,<rdkit.Chem.rdchem.Mol object at 0x000001B74E0BAA50>,,Cc1ccc(OCc2nc(C)c(C(=O)NC(C)C)s2)cc1
P1182338,0,3,2,2.400000000000000e+000,3,6.309999999999999e+001,,<rdkit.Chem.rdchem.Mol object at 0x000001B74E0BAAB0>,,O=[N+]([O-])c1ccc2nc(-c3ccccc3)cn2c1
P1178589,1,5,3,1.800000000000000e+000,2,1.226000000000000e+002,,<rdkit.Chem.rdchem.Mol object at 0x000001B74E0BAB10>,,Nc1nc(S(=O)(=O)Cc2ccc(F)cc2)ns1
P1178582,1,5,3,1.600000000000000e+000,2,1.226000000000000e+002,,<rdkit.Chem.rdchem.Mol object at 0x000001B74E0BAB70>,,Nc1nc(S(=O)(=O)Cc2ccccc2)ns1
P1178126,2,6,4,2.000000000000000e+000,2,1.004000000000000e+002,,<rdkit.Chem.rdchem.Mol object at 0x000001B74E0BABD0>,,CSc1ncc(C(=O)O)c(NC2CCCC2)n1
P1161774,1,4,4,3.900000000000000e+000,3,5.559999999999999e+001,,<rdkit.Chem.rdchem.Mol object at 0x000001B74E0BAC30>,,Cc1ccc(CNc2cc(C)nc(-n3nc(C)cc3C)n2)cc1
P1159369,1,5,5,3.000000000000000e+000,5,9.930000000000000e+001,,<rdkit.Chem.rdchem.Mol object at 0x000001B74E0BAC90>,,Cc1c(CCC(=O)Nn2cnnc2)c(=O)oc2cc3occ(-c4ccccc4)c3cc12
P1159118,2,5,3,1.600000000000000e+000,4,1.014000000000000e+002,,<rdkit.Chem.rdchem.Mol object at 0x000001B74E0BACF0>,,O=C(Nc1nc2ccccc2[nH]1)c1ccccc1-n1cnnn1
P1157625,3,5,6,4.000000000000000e-001,2,1.158000000000000e+002,,<rdkit.Chem.rdchem.Mol object at 0x000001B74E0BAD50>,,C[C@H](NC(=O)CCCn1c(=O)[nH]c2ccccc2c1=O)C(=O)O
P1157246,1,3,2,2.100000000000000e+000,3,5.460000000000000e+001,,<rdkit.Chem.rdchem.Mol object at 0x000001B74E0BADB0>,,O=C(O)c1cccn2cc(-c3ccccc3)nc12
P1146540,2,5,2,2.300000000000000e+000,2,8.330000000000000e+001,,<rdkit.Chem.rdchem.Mol object at 0x000001B74E0BAE10>,,O=C(O)c1cc(-c2ccccc2)nc(O)n1
P1121416,2,3,2,2.000000000000000e+000,4,5.090000000000000e+001,,<rdkit.Chem.rdchem.Mol object at 0x000001B74E0BAE70>,,Nc1ccc(NC23CC4CC(CC(C4)C2)C3)nc1
P1120049,1,2,1,2.000000000000000e+000,3,4.330000000000000e+001,,<rdkit.Chem.rdchem.Mol object at 0x000001B74E0BAED0>,,Nc1ccc2nc(-c3ccc(F)cc3)cn2c1
P1120029,1,2,2,3.300000000000000e+000,4,4.330000000000000e+001,,<rdkit.Chem.rdchem.Mol object at 0x000001B74E0BAF30>,,Nc1ccc2nc(-c3ccc(-c4ccccc4)cc3)cn2c1
P11186132,1,3,1,3.500000000000000e+000,3,4.649999999999999e+001,,<rdkit.Chem.rdchem.Mol object at 0x000001B74E0BAF90>,,O=c1c(O)c(-c2ccc(F)cc2)oc2cc(Cl)ccc12
P11185902,3,5,1,2.500000000000000e+000,3,9.070000000000000e+001,,<rdkit.Chem.rdchem.Mol object at 0x000001B74E0C7030>,,O=C(O)c1c2ccccc2nc2cc(O)cc(O)c12
P11185139,1,6,8,1.700000000000000e+000,4,1.029000000000000e+002,,<rdkit.Chem.rdchem.Mol object at 0x000001B74E0C7090>,,O=C(NCCCCCc1nnc2ccccn12)c1ccccc1-n1cnnn1
P11185056,2,5,5,2.900000000000000e+000,4,1.316000000000000e+002,,<rdkit.Chem.rdchem.Mol object at 0x000001B74E0C70F0>,,CC(C)c1nc(NC(=O)Cn2cnc3sc(-c4ccccc4)cc3c2=O)n[nH]1
P11185055,2,5,4,1.500000000000000e+000,4,1.316000000000000e+002,,<rdkit.Chem.rdchem.Mol object at 0x000001B74E0C7150>,,O=C(Cn1cnc2sc(-c3ccccc3)cc2c1=O)Nc1nc[nH]n1
P11183905,1,5,5,2.400000000000000e+000,4,9.050000000000000e+001,,<rdkit.Chem.rdchem.Mol object at 0x000001B74E0C71B0>,,Cn1c(CCNC(=O)c2cc(Br)ccc2-n2cnnn2)nc2ccccc21
P11183871,2,4,7,2.100000000000000e+000,4,9.050000000000000e+001,,<rdkit.Chem.rdchem.Mol object at 0x000001B74E0C7210>,,O=C(CCCn1cnc2ccccc2c1=O)NCCc1nc2ccccc2[nH]1
P11183128,1,5,6,2.200000000000000e+000,4,8.140000000000001e+001,,<rdkit.Chem.rdchem.Mol object at 0x000001B74E0C7270>,,COc1ccc2cc(NC(=O)CCCc3nnc4ccccn34)cnc2c1
P11182946,1,5,5,2.300000000000000e+000,4,9.820000000000000e+001,,<rdkit.Chem.rdchem.Mol object at 0x000001B74E0C72D0>,,Cc1cc(C(=O)N[C@@H](CC(C)C)c2nnc3ccccn23)c2c(C)noc2n1
P11182483,1,6,5,1.400000000000000e+000,4,1.029000000000000e+002,,<rdkit.Chem.rdchem.Mol object at 0x000001B74E0C7330>,,Cc1ccc(C(=O)NCCc2nnc3ccccn23)c(-n2cnnn2)c1C
P11181911,0,4,3,4.100000000000000e+000,3,9.229999999999998e+001,,<rdkit.Chem.rdchem.Mol object at 0x000001B74E0C7390>,,N#Cc1nc(-c2ccccc2F)oc1S(=O)(=O)c1ccc(Cl)cc1
P11181910,0,4,3,3.900000000000000e+000,3,9.229999999999998e+001,,<rdkit.Chem.rdchem.Mol object at 0x000001B74E0C73F0>,,Cc1ccc(S(=O)(=O)c2oc(-c3ccccc3F)nc2C#N)cc1
P11181902,0,3,3,4.900000000000000e+000,3,7.509999999999999e+001,,<rdkit.Chem.rdchem.Mol object at 0x000001B74E0C7450>,,Cc1ccc(Sc2oc(-c3ccccc3F)nc2C#N)cc1
P11181276,2,5,5,2.900000000000000e+000,1,7.970000000000000e+001,,<rdkit.Chem.rdchem.Mol object at 0x000001B74E0C74B0>,,CCCCOC(=O)c1c(O)nc(C)c(Br)c1O
P1114507,2,4,6,3.600000000000000e+000,2,8.400000000000000e+001,,<rdkit.Chem.rdchem.Mol object at 0x000001B74E0C7510>,,CCOc1ccc(C(C)C)cc1S(=O)(=O)Nc1cccc(O)c1
P1114506,2,4,5,3.200000000000000e+000,2,8.400000000000000e+001,,<rdkit.Chem.rdchem.Mol object at 0x000001B74E0C7570>,,CCOc1ccc(Br)cc1S(=O)(=O)Nc1cccc(O)c1
P1113518,1,4,5,4.000000000000000e-001,2,1.086000000000000e+002,,<rdkit.Chem.rdchem.Mol object at 0x000001B74E0C75D0>,,CS(=O)(=O)NCCc1csc(-c2ccncc2)n1
P1112636,1,4,7,2.200000000000000e+000,3,8.110000000000001e+001,,<rdkit.Chem.rdchem.Mol object at 0x000001B74E0C7630>,,CC(C)Oc1ccc(S(=O)(=O)NCCc2ncc3ccccn23)cc1
P1112630,1,4,5,9.000000000000000e-001,4,9.219999999999999e+001,,<rdkit.Chem.rdchem.Mol object at 0x000001B74E0C7690>,,CC(=O)N1CCc2cc(S(=O)(=O)NCCc3ncc4ccccn34)ccc21
P1111363,1,4,4,4.400000000000000e+000,3,5.520000000000000e+001,,<rdkit.Chem.rdchem.Mol object at 0x000001B74E0C76F0>,,CCOc1ccc(-c2ncncc2-c2ccc(Br)cc2)c(O)c1
P1111222,1,3,3,4.600000000000000e+000,5,8.170000000000000e+001,,<rdkit.Chem.rdchem.Mol object at 0x000001B74E0C7750>,,Cc1ccc2c(-c3oc4ccccc4c3NC(=O)c3ccco3)cc(=O)oc2c1
P1109064,2,3,3,4.900000000000000e+000,5,4.970000000000000e+001,,<rdkit.Chem.rdchem.Mol object at 0x000001B74E0C77B0>,,C[C@]12CCC3c4ccc(OCc5ccc(F)cc5)cc4CCC3C1C[C@@H](O)[C@@H]2O
P1105850,2,5,4,4.300000000000000e+000,3,8.129999999999998e+001,,<rdkit.Chem.rdchem.Mol object at 0x000001B74E0C7810>,,CCOc1ccc(-c2nc(N)nc(C)c2-c2ccc(Cl)cc2)c(O)c1
P1099357,2,4,3,2.400000000000000e+000,3,8.050000000000000e+001,,<rdkit.Chem.rdchem.Mol object at 0x000001B74E0C7870>,,COc1c(-c2cc(C)n[nH]2)c(O)c(OC)c2occc12
P1099299,2,4,5,3.900000000000000e+000,3,9.930000000000000e+001,,<rdkit.Chem.rdchem.Mol object at 0x000001B74E0C78D0>,,CCOc1cc(O)c(-c2n[nH]cc2-c2nc(C)cs2)cc1CC
P1098888,5,7,10,4.000000000000000e-001,2,1.733000000000000e+002,,<rdkit.Chem.rdchem.Mol object at 0x000001B74E0C7930>,,N=C(N)NCCC[C@H](NC(=O)CCn1nnc2ccccc2c1=O)C(=O)O
P1096557,0,5,5,4.500000000000000e+000,3,6.180000000000000e+001,,<rdkit.Chem.rdchem.Mol object at 0x000001B74E0C7990>,,COc1cccc(C(=O)COc2cc(C)cc3oc(=O)c(C)c(C)c23)c1
P1095963,0,6,8,4.600000000000000e+000,4,7.109999999999998e+001,,<rdkit.Chem.rdchem.Mol object at 0x000001B74E0C79F0>,,COc1ccc(-c2cc(=O)oc3cc(OCC(=O)OCc4ccccc4)ccc23)cc1
P1091222,0,3,2,4.600000000000000e+000,4,4.870000000000000e+001,,<rdkit.Chem.rdchem.Mol object at 0x000001B74E0C7A50>,,COc1ccc(-c2cc(=O)oc3c(C)c4occ(C)c4cc23)cc1
P1090638,0,3,2,3.100000000000000e+000,3,6.470000000000000e+001,,<rdkit.Chem.rdchem.Mol object at 0x000001B74E0C7AB0>,2 HCl,Cc1sc(-c2ccccc2F)nc1C(=O)N1CCN(C)CC1.Cl.Cl
P1089742,1,3,1,4.400000000000000e+000,4,6.550000000000000e+001,,<rdkit.Chem.rdchem.Mol object at 0x000001B74E0C7B10>,,Cc1cc2oc(=O)cc(-c3oc4ccccc4c3N)c2cc1Cl
P1056833,3,5,3,1.000000000000000e-001,1,1.121000000000000e+002,,<rdkit.Chem.rdchem.Mol object at 0x000001B74E0C7B70>,,CS(=O)(=O)Nc1ccc(C(=O)O)c(O)c1
P1037984,1,3,3,3.800000000000000e+000,3,5.460000000000000e+001,,<rdkit.Chem.rdchem.Mol object at 0x000001B74E0C7BD0>,,Cc1ccc2nc(-c3ccc(F)c(C)c3)c(CC(=O)O)n2c1
P1037971,1,3,3,3.300000000000000e+000,3,5.460000000000000e+001,,<rdkit.Chem.rdchem.Mol object at 0x000001B74E0C7C30>,,O=C(O)Cc1c(-c2ccc(Cl)cc2)nc2ccccn12
P1037943,1,3,3,4.100000000000000e+000,3,5.460000000000000e+001,,<rdkit.Chem.rdchem.Mol object at 0x000001B74E0C7C90>,,Cc1ccn2c(CC(=O)O)c(-c3ccc(C)c(C)c3)nc2c1
P1037942,1,3,3,4.100000000000000e+000,3,5.460000000000000e+001,,<rdkit.Chem.rdchem.Mol object at 0x000001B74E0C7CF0>,,Cc1ccc(-c2nc3c(C)cccn3c2CC(=O)O)cc1C
P1033411,1,5,7,2.200000000000000e+000,3,1.225000000000000e+002,,<rdkit.Chem.rdchem.Mol object at 0x000001B74E0C7D50>,,COc1ccc(OCCCn2cnc3sc(C(N)=O)c(C)c3c2=O)cc1
P1033294,2,4,4,3.200000000000000e+000,4,9.470000000000000e+001,,<rdkit.Chem.rdchem.Mol object at 0x000001B74E0C7DB0>,,Cc1sc2ncnc(NCCc3nc4ccccc4[nH]3)c2c1C
P1032348,0,4,3,4.400000000000000e+000,4,6.959999999999999e+001,,<rdkit.Chem.rdchem.Mol object at 0x000001B74E0C7E10>,,Cc1c(-c2nc(-c3ccccc3F)no2)nnn1-c1ccc(Br)cc1
P1032341,0,4,3,4.400000000000000e+000,4,6.959999999999999e+001,,<rdkit.Chem.rdchem.Mol object at 0x000001B74E0C7E70>,,Cc1ccccc1-c1noc(-c2nnn(-c3cc(F)ccc3F)c2C)n1
P1030196,0,4,3,4.600000000000000e+000,4,6.959999999999999e+001,,<rdkit.Chem.rdchem.Mol object at 0x000001B74E0C7ED0>,,Cc1c(-c2nc(-c3ccccc3F)no2)nnn1-c1ccc(F)c(Cl)c1
P10184633,0,3,3,1.500000000000000e+000,2,4.410000000000000e+001,,<rdkit.Chem.rdchem.Mol object at 0x000001B74E0C7F30>,,CCOC(=O)c1cn2c(n1)CCCC2
P1011001,0,4,3,4.100000000000000e+000,5,7.209999999999999e+001,,<rdkit.Chem.rdchem.Mol object at 0x000001B74E0C7F90>,,COc1cccc(-c2cn3c4c(=O)n(C)c(=O)n(C)c4nc3n2-c2ccc(Cl)cc2)c1
P1010999,0,4,3,3.600000000000000e+000,5,7.209999999999999e+001,,<rdkit.Chem.rdchem.Mol object at 0x000001B74E0D5030>,,COc1cccc(-c2cn3c4c(=O)n(C)c(=O)n(C)c4nc3n2-c2ccc(F)cc2)c1
P1010904,0,4,4,4.600000000000000e+000,5,7.209999999999999e+001,,<rdkit.Chem.rdchem.Mol object at 0x000001B74E0D5090>,,CCOc1ccc(-c2cn3c4c(=O)n(C)c(=O)n(C)c4nc3n2-c2ccc(F)cc2)cc1Cl
P1010846,0,5,3,4.000000000000000e+000,5,1.087000000000000e+002,,<rdkit.Chem.rdchem.Mol object at 0x000001B74E0D50F0>,,Cn1c(=O)c2c(nc3n(-c4cccc(Cl)c4)c(-c4cccc([N+](=O)[O-])c4)cn23)n(C)c1=O
P1010819,0,3,3,2.100000000000000e+000,4,6.290000000000000e+001,,<rdkit.Chem.rdchem.Mol object at 0x000001B74E0D5150>,,Cc1cn2c3c(=O)n(C)c(=O)n(C)c3nc2n1CCc1ccccc1
P1007742,2,5,5,2.800000000000000e+000,3,9.510000000000002e+001,,<rdkit.Chem.rdchem.Mol object at 0x000001B74E0D51B0>,,COc1cc(-n2nnc(C(=O)NCc3ccccc3)c2N)ccc1Cl
P1006814,1,7,5,3.100000000000000e+000,4,1.238000000000000e+002,,<rdkit.Chem.rdchem.Mol object at 0x000001B74E0D5210>,,Cc1ccc(-n2nnnc2SCC(=O)Nc2ccc3nccnc3c2)cc1Cl
P1005948,1,6,4,1.700000000000000e+000,3,9.970000000000000e+001,,<rdkit.Chem.rdchem.Mol object at 0x000001B74E0D5270>,,COC(=O)c1c(N)c(C(=O)N2CCOCC2)nn1-c1ccc(Cl)cc1
P1005537,2,5,6,3.400000000000000e+000,4,8.110000000000001e+001,,<rdkit.Chem.rdchem.Mol object at 0x000001B74E0D52D0>,,CN(C)CCN1C(=O)C(O)=C(C(=O)c2ccc3ccccc3c2O)C1c1ccc(F)cc1
P1005533,2,5,6,3.900000000000000e+000,4,8.110000000000001e+001,,<rdkit.Chem.rdchem.Mol object at 0x000001B74E0D5330>,,CN(C)CCN1C(=O)C(O)=C(C(=O)c2ccc3ccccc3c2O)C1c1ccc(Cl)cc1
P1005474,2,6,8,3.200000000000000e+000,4,9.030000000000000e+001,,<rdkit.Chem.rdchem.Mol object at 0x000001B74E0D5390>,,COc1cccc(C2C(C(=O)c3ccc4ccccc4c3O)=C(O)C(=O)N2CCCN(C)C)c1
P0217330029,4,6,3,2.000000000000000e-001,2,1.448000000000000e+002,,<rdkit.Chem.rdchem.Mol object at 0x000001B74E0D53F0>,,O=c1[nH]nc(SCc2cc(O)n[nH]2)c(=O)[nH]1
P0129720405,0,4,4,4.800000000000000e+000,4,1.246000000000000e+002,,<rdkit.Chem.rdchem.Mol object at 0x000001B74E0D5450>,,O=C(CSc1ncnc2sc3c(c12)CCCC3)c1cccs1
P0129620400,1,5,5,4.100000000000000e+000,3,9.330000000000000e+001,,<rdkit.Chem.rdchem.Mol object at 0x000001B74E0D54B0>,,O=C(O)CSc1nnc(-c2ccc(Cl)cc2)n1-c1ccccc1
P0129620380,1,5,5,4.800000000000000e+000,3,9.330000000000000e+001,,<rdkit.Chem.rdchem.Mol object at 0x000001B74E0D5510>,,O=C(O)CSc1nnc(-c2ccc(Cl)cc2Cl)n1-c1ccccc1
P0129620310,1,5,5,3.700000000000000e+000,4,9.750000000000000e+001,,<rdkit.Chem.rdchem.Mol object at 0x000001B74E0D5570>,,O=C1CC(CSc2nnc(-c3ccc(Cl)cc3)n2-c2ccccc2)=NN1
P0128660111,0,4,4,4.400000000000000e+000,3,5.630000000000000e+001,,<rdkit.Chem.rdchem.Mol object at 0x000001B74E0D55D0>,,CCOC(=O)c1c(C)nc2c(c1-c1ccc(Br)cc1)C(=O)CC(C)(C)C2
P0125330060,2,5,3,2.300000000000000e+000,2,7.040000000000001e+001,,<rdkit.Chem.rdchem.Mol object at 0x000001B74E0D5630>,,Cc1cc(O)nc(N/N=C\c2ccccc2F)n1
P0125250007,0,6,3,4.800000000000000e+000,5,1.229000000000000e+002,,<rdkit.Chem.rdchem.Mol object at 0x000001B74E0D5690>,,c1ccc(-n2nnnc2Sc2ncnc3c4c(sc23)CCCC4)cc1
P0125200018,0,3,3,4.000000000000000e+000,4,6.859999999999998e+001,,<rdkit.Chem.rdchem.Mol object at 0x000001B74E0D56F0>,,Brc1c(CSc2nc3ccccc3o2)nc2ccccn12
P0124040115,3,6,8,3.700000000000000e+000,4,1.215000000000000e+002,,<rdkit.Chem.rdchem.Mol object at 0x000001B74E0D5750>,,CC(=O)Nc1ccc(S(=O)(=O)Nc2nc3ccccc3nc2NCCc2ccccc2)cc1
P0123750098,1,3,2,4.200000000000000e+000,4,6.609999999999998e+001,,<rdkit.Chem.rdchem.Mol object at 0x000001B74E0D57B0>,,c1nc(NC2CCCCC2)c2c3c(sc2n1)CCCC3
P0118671829,2,4,4,2.200000000000000e+000,4,9.290000000000001e+001,,<rdkit.Chem.rdchem.Mol object at 0x000001B74E0D5810>,,COc1ccc(NS(=O)(=O)c2ccc3c4c(cccc24)C(=O)N3)cc1
P0117380610,2,4,5,1.400000000000000e+000,2,7.670000000000000e+001,,<rdkit.Chem.rdchem.Mol object at 0x000001B74E0D5870>,,CCOC(=O)C1=C(C)NC(=O)NC1c1cccc(OC)c1
P0117380082,4,6,4,4.400000000000000e+000,4,1.151000000000000e+002,,<rdkit.Chem.rdchem.Mol object at 0x000001B74E0D58D0>,,O=C(O)c1cc2ccccc2c(Cc2c(O)c(C(=O)O)cc3ccccc23)c1O
P0111770013,0,4,5,4.700000000000000e+000,4,1.027000000000000e+002,,<rdkit.Chem.rdchem.Mol object at 0x000001B74E0D5930>,,c1ccc2oc(SCCSc3nc4ccccc4o3)nc2c1
P0111070308,2,4,2,1.300000000000000e+000,3,8.400000000000000e+001,,<rdkit.Chem.rdchem.Mol object at 0x000001B74E0D5990>,,CC(=O)Nc1cc2nc3ccccc3nc2cc1NC(C)=O
P0111050269,1,3,3,3.100000000000000e+000,3,9.570000000000000e+001,,<rdkit.Chem.rdchem.Mol object at 0x000001B74E0D59F0>,,Cc1ccc(S(=O)(=O)Nc2ccc3sc(C)nc3c2)cc1
P0109790056,1,3,2,3.600000000000000e+000,3,3.780000000000000e+001,,<rdkit.Chem.rdchem.Mol object at 0x000001B74E0D5A50>,,Cc1ccc2ncnc(NC3CCCCC3)c2c1
P0109750107,1,3,3,3.800000000000000e+000,3,4.940000000000001e+001,,<rdkit.Chem.rdchem.Mol object at 0x000001B74E0D5AB0>,,O=C1C(Cl)=C(Nc2ccccc2F)C(=O)N1c1ccc(Br)cc1
P0109200069,1,3,3,3.800000000000000e+000,3,3.780000000000000e+001,,<rdkit.Chem.rdchem.Mol object at 0x000001B74E0D5B10>,2 HCl,Cc1ccc2nc(C)cc(NCc3cccnc3)c2c1.Cl.Cl
P0107180044,4,6,3,-1.000000000000000e-001,2,1.448000000000000e+002,,<rdkit.Chem.rdchem.Mol object at 0x000001B74E0D5B70>,,O=c1[nH]nc(SCc2cc(O)[nH]n2)c(=O)[nH]1
P0107070179,0,6,3,4.100000000000000e+000,5,1.229000000000000e+002,,<rdkit.Chem.rdchem.Mol object at 0x000001B74E0D5BD0>,,Cc1nc(Sc2nnnn2-c2ccccc2)c2c3c(sc2n1)CCC3
P0105410016,0,5,4,4.000000000000000e+000,4,8.619999999999999e+001,,<rdkit.Chem.rdchem.Mol object at 0x000001B74E0D5C30>,,Clc1ccc2nc(CSc3nnnn3-c3ccccc3)c(Br)n2c1
P0104650004,2,5,2,3.800000000000000e+000,4,9.260000000000002e+001,,<rdkit.Chem.rdchem.Mol object at 0x000001B74E0D5C90>,,Cc1cccc(Nn2c(N)c(C#N)c3nc4ccccc4nc32)c1
